Text,BAL,BNP,NCP,BangladeshJamaat_e_Islami,JaPa
জামায়াত বিএনপি এই সব বাল ছাল বাদ দিয়ে তৃতীয় শক্তি হিসেবে প্রতিষ্ঠিত হ‌উন,2,3,1,3,2
ডারত বিরোধী ঐক্য; সাথে আছি,2,2,1,2,2
"ভবিষ্যৎ প্রজন্ম তোমাদের সাথেই আছে, ইনকিলাব জিন্দাবাদ।",2,2,1,2,2
ভালো সুশীল হয়ছে এরা এখনো সময় আছে বিপ্লবী হও,2,2,1,2,2
আপনাদের মহৎ কাজের জন্য আপনাদের প্রশংসা করতেই হয়,2,2,1,2,2
"আপনারা জুলাইয়ে নায়ক ছিলেন,দোয়া করি যাতে আল্লাহ আপনাদের হেদায়েত দিয়ে আবার সঠিক পথে ফিরে নিয়ে আসে।",2,2,1,2,2
শুভকামনা রইলো এনসিপি জিন্দাবাদ,2,2,1,2,2
"ইনকিলাব জিন্দাবাদ,এনসিপি জিন্দাবাদ",2,2,1,2,2
গণতন্ত্রের পুনরুদ্ধারকারী এনসিপি দল স্বৈরাচারী সরকারের পতনের পর মানুষের আশা ও বিশ্বাসের একমাত্র ঠিকানা হয়ে উঠেছে।,2,2,1,2,2
"ইনশাল্লাহ, আগামী নির্বাচনে আমরা এমসিপিকে শাপলা মার্কায় ভোট দিয়ে জয়যুক্ত করব।",2,2,1,2,2
"দেশের গণতন্ত্র, মানুষের অধিকার ও ন্যায় প্রতিষ্ঠায় এনসিবি দলই পথপ্রদর্শক।",2,2,1,2,2
ইনশাআল্লাহ এনসিপির সাথে আছি এবং ভবিষ্যতেও থাকবো,2,2,1,2,2
দেশের ভালোর জন্য এনসিপির উপর ভরসা রাখা ছাড়া আর কোন উপায় নাই।।,2,2,1,2,2
এনসিপির মাধ্যমে সাধারণ মানুষ সত্য ও ন্যায়ের সন্ধান পেয়েছে।,2,2,1,2,2
তারুণ্যের জয় হোক। যুবশক্তির জয় হোক।,2,2,1,2,2
এনসিপি জিন্দাবাদ শাপলা জিন্দাবাদ,2,2,1,2,2
এনসিপি শেষ বড়শা এখন,2,2,1,2,2
জাতীয় যুব শক্তি জিন্দা বাদ,2,2,1,2,2
"ধ্যনবাদ এনসিপি কে দেরিতে হলেও জামায়াতে ইসলামীর মুনাফেকি বন্ডামি বুঝতে পারা, এ-ই জামায়াতে ইসলামী আজকের বেইমান মুনাফেক না, সেই ১৯৪৭ সাল পরবর্তী থেকে এদের চরিত্র হচ্ছে বেইমানি মুনাফেকি বিশ্বাস ঘাতকতা",2,2,1,3,2
"ইনশাআল্লাহ, এনসিপি নতুন কিছু করে দেখাবে",2,2,1,2,2
ক্ষমতা লোভী রাজনীতিবিদরা তরুন দের কে তাদের ক্ষমতার জন্য চ্যালেঞ্জ মনে করছে।,2,2,1,2,2
এনসিপি সকল রাজনৌতিক দলের বাপ,2,2,1,2,2
"এনসিপির প্রত্যেকটা সদস্য ব্রিলিয়ান্ট, টেকনিক্যালি জিনিয়াস,বিচক্ষন, দুর্দান্ত।",2,2,1,2,2
শাপলা কলির জয় হোক।,2,2,1,2,2
গ্রাম শহর অলিগলি ১২ তারিখে জিতবে এবার শাপলা কলি,2,2,1,2,2
সারা বাংলার অলি গলী রব উঠেছে শাপলা কলি।,2,2,1,2,2
অভিনন্দন। শূভ কামনা রইল। তরূণদের প্রথম ভোট এন সি পির শাপলা কলি প্রতীকে হোক। ইনকিলাব জিন্দাবাদ।,2,2,1,2,2
"এনসিপির প্রতি মানুষের আগ্রহ আছে, মানুষের সাথে মিশতে পারৱে কেউ ফিরায়া দিবে না।",2,2,1,2,2
এনসিপির নেতাদের প্রতি আহবান মাঠে নামুন ভাই। জনতার সাথে মিশুন অনেক দেরি করে ফেলছেন যদিও তাও লড়াইটা করুন,2,2,1,2,2
শাপলা সততার সাথে টিকে থাকুক সবার প্রিয় ও ভালোবাসা নিয়ে।,2,2,1,2,2
এনসিপি জিতলে জিতবে বাংলাদেশ,2,2,1,2,2
নাসিরউদ্দিন পাটোয়ারী অনেক সুন্দর করে জনগণের মনের কথা গুলো প্রকাশ করেছেন ধন্যবাদ ভাইকে,2,2,1,2,2
এনসিপি কে সাপোর্ট করে এগিয়ে নেওয়া প্রত্যেক সচেতন নাগরিকের দায়িত্ব।,2,2,1,2,2
"তারুণ্যের নেতৃত্বই এগিয়ে যাবে বাংলাদেশ ইনশাআল্লাহ, ইনকিলাব  জিন্দাবাদ",2,2,1,2,2
বাংলাদেশের জনগণ জাতীয় নাগরিক পার্টির সাথে যুক্ত হয়ে বাংলাদেশকে এগিয়ে নিতে হবে।,2,2,1,2,2
এনসিপির কার্যকলাপ যতদিন জনগণের পক্ষে থাকবে ততদিন আমরাও আপনাদের পাসে আছি থাকবো ইনশাআল্লাহ,2,2,1,2,2
এগিয়ে এসো নতুনদের পথে,2,2,1,2,2
"এনসিপি জনগণের আস্তা, গণমানুষের ভালোবাসা'র প্রতীক শাপলা কলি",2,2,1,2,2
"এনসিপি সব সময় জুলাই জোদ্ধাদের পাশে ছিল,আছে, থাকবে।",2,2,1,2,2
এনসিপি এর সকল কর্মকান্ড আলহামদুলিল্লাহ অনেক ভালো।,2,2,1,2,2
"মানুষ পরিবর্তন চায়, সেটা এনসিপি তে সম্ভব",2,2,1,2,2
দরকার হলে আমরা প্রবাসী বাঙালিরা নির্বাচন প্রচারণা চালানোর জন্য এনসিপি কে টাকা পাঠাবো।,2,2,1,2,2
দেশের জনগণ চলো আমরা নাহিদ ইসলামের সাথে যুক্ত হয়ে দেশকে সুন্দর ভাবে সাজিয়ে তুলি।,2,2,1,2,2
"এত অল্প সময়ে জনপ্রিয়তা পাওয়া দলটা ইনশাআল্লাহ খুব শীঘ্রই জনতার হয়ে সংসদে আওয়াজ তুলবে,জনতার হয়ে জনতার কথা বলবে। ",2,2,1,2,2
"এনসিপি একটা সিট ও না পাক,কোন সমস্যা নেই। সুস্থ রাজনৈতিক চর্চা তো শুরু করতে পেরেছি আমরা এটা এই প্রজন্ম জন্য যথেষ্ট।💘",2,2,1,2,2
আগামীর ব্যালট হবে বুলেটের বিরুদ্ধে মাফিয়াতন্ত্রের বিরুদ্ধে পরিবারতন্ত্রের বিরুদ্ধে ,2,2,1,2,2
"জুলাইয়ের গণ-অভ্যুত্থানের মধ্য দিয়ে গড়ে ওঠা, জাতীয় নাগরিক পার্টি-এনসিপির জন্য শুভকামনা।",2,2,1,2,2
যাদের হাত ধরে বিএনপি নতুন করে ক্ষমতায় আশার স্বপ্ন দেখছে তাদের শুভকামনা দিতেই হবে।,2,1,1,2,2
যাদের হাত ধরে বহিষ্কার হওয়া জামায়েত রাজনীতি করার সুযোগ পেয়েছে তাদের শুভকামনা দিতেই হবে,2,2,1,1,2
যাদের নেতৃত্বে ত্যাগের বিনিময় তরুণ যুবসমাজ রাতের ভোট দিনে দেওয়ার সুযোগ পেয়েছে তাদের শুভকামনা দিতেই হবে তা না হলে আমরা বড় অকৃতজ্ঞ জাতি হিসেবেই পরিগনিত হব।,2,2,1,2,2
ছোট্ট ছোট্ট পায়ে চলতে চলতে ঠিক পৌঁছে যাবে।। ইনশাল্লাহ এগিয়ে যাক এনসিপি।।,2,2,1,2,2
এনসিপি দলটাকে শক্ত করে ভাল নেতা কর্মী দ্বারা পরিচালনা কর দেখবে বাংলাদেশে বড় দল হিসেবে প্রতিষ্ঠিত হবে।,2,2,1,2,2
জনতার রায়কে প্রাধান্য দিয়েই আমরা আগামীর সরকার গঠন করবো ইনশাআল্লাহ শাপলা কলি হবে শান্তি এবং ন্যায়এর প্রতিক ইনশাআল্লাহ,2,2,1,2,2
"লুটপাট, মাফিয়াতন্ত্র আর দুর্নীতির অন্ধকার থেকে বাংলাদেশকে মুক্ত করতে হলে তরুণদের নেতৃত্বই হতে হবে পরিবর্তনের আগুন।",2,2,1,2,2
এনসিপি আপনাদের সকল প্রার্থীর জন্য আমার দোয়া এবং ভালোবাসা রইলো | এনসিপি আমার ভালবাসার দল |,2,2,1,2,2
"এনসিপি এর হাতেই, বাংলাদেশ নিরাপদ",2,2,1,2,2
জুলাই যোদ্ধাদের সবচেয়ে বড় ভুল আজিবনের জন্য বিপ্লবী সরকার গঠন না করা। শত্রুরা এভাবে মারতেই থাকবে।,2,2,1,2,2
এনসিপি তাহদের অবস্থান আরো শক্ত করতে হবে এখন যে বাবে আছে এই বাবে রাজনিতি করা যায় না,2,2,1,2,2
"এখনো সময় আছে জুলাইয়ের সব সহযোদ্ধা এক প্লাটফর্মে আসো। ঐক্যবদ্ধ হও, কারণ সন্ত্রাসীরা জুলাই যোদ্ধাদের টার্গেট করে আছে।",2,2,1,2,2
নবদলটার প্রতি আমাদের বিনীত অনুরোধ—দেশের কল্যাণকে সর্বোচ্চ অগ্রাধিকার দিয়ে আদর্শনিষ্ঠ রাজনীতি করুন।,2,2,1,2,2
বাংলাদেশের এই সংকটময় মুহূর্তে আপনাদের বাংলাদেশের প্রয়োজন।,2,2,1,2,2
আপনারা বাংলাদেশের আলোকবর্তিকা তথা আলোর দিশারী।,2,2,1,2,2
ভারতীয় আধিপত্যবাদ উপড়ে ফেলতে আপনাদের ভূমিকা অনস্বীকার্য।,2,2,1,2,2
"ভয় পাবেন না, শক্ত হাতে মোকাবিলা করুন. জনগন বিচার চায় . তরুণরাই দেশের ভবিষ্যৎ. ইয়া আল্লাহ আপনার কাছে বিচার চাই.",2,2,1,2,2
এ দেশের যুব সমাজ কি চাই সেই ভাবে রাজনৈতিক করেন।।।,2,2,1,2,2
বিপুল ভোটের মাধ্যমে পাস করবে ইনশাআল্লাহ জুলাই যুদ্ধারা,2,2,1,2,2
"কোনো দলের উপর আক্রমণ হয় না, শুধু  এনসিপি উপর,,তারমানে এই একটা দলই সঠিক পথে আছে",2,2,1,2,2
প্রীয় হাসনাত ভাই আমরা আপনাদের হারাতে চাইনা  সাবধানে থাকেন আল্লাহ সবাইকে হেফাজত করুক,2,2,1,2,2
প্রীয় হাসনাত ভাই আমরা আপনাদের হারাতে চাইনা  সাবধানে থাকেন আল্লাহ সবাইকে হেফাজত করুক,2,2,1,2,2
ভয় না পেয়ে এগিয়ে যান বাংলাদেশের ৯০ শতাংশ লোক আপনাদের সাথে আছে,2,2,1,2,2
"ফ্যাসিবাদ, আধিপত্যবাদ নিপাত যাক। ইনকিলাব জিন্দাবাদ।",2,2,1,2,2
"ইনশাআল্লাহ,,এনসিপি সরকার গঠন করবে",2,2,1,2,2
"সকল ষড়যন্ত্র, অন্যায় রুখে দিয়ে আসছে ১২ ফেব্রুয়ারি সারাদিন শাপলা কলিতে ভোট দিন",2,2,1,2,2
"জামাতের সঙ্গে যোগদিয়ে সময়ের সেরা সিদ্ধান্ত নিয়েছে এনসিপি, তাই তোমাদের কে মোবারকবাদ জানাই",2,2,1,1,2
জুলাইয়ের সেই তেজ ছড়িয়ে পড়ুক সবার মনে।,2,2,1,2,2
আধিপত্যবাদ নিপাত যাক জনগণের ঐক্য মুক্তি পাক।,2,2,1,2,2
আপনারা একতা বদ্ধ থাকলে ক্ষমতা আপনাদের পায়ের তলায় চলে আসবে,2,2,1,2,2
মানুষ এখনো আপনাদের সাথে আছে।,2,2,1,2,2
বামপন্থী শয়তানদের বিদায়ের মাধ্যমে এনসিপি এদেশের মানুষের আকাংখা বাস্তবায়নের পথে এগিয়ে যেতে পারবে।,2,2,1,2,2
বামপন্থীদের চাপে গনবিরোধী কার্যকলাপে উদীয়মান শক্তি থেকে মৃত্যুপথযাত্রী হওয়া এনসিপি ঘুরে দাঁড়াবে।ইনশাআল্লাহ।,2,2,1,2,2
ধন্যবাদ জনগণের পক্ষে জুলাইয়ের পক্ষে জনতা জনতা স্লোগানে ফিরে আসার জন্য ইনকিলাব জিন্দাবাদ,2,2,1,2,2
আগামী দিনগুলো স্বচ্ছতা ও জবাবদিহিতার সাথে চলবে এই প্রত্যাশা থাকবে। শুভকামনা রইলো,2,2,1,2,2
"এনসিপির রাজনীতি ব্যক্তি নয়, আদর্শ ও সংগঠনকেন্দ্রিক।",2,2,1,2,2
"আসিফ ভাই, মাহফুজ ভাই ,নাহিদ ভাই, সারজিস ভাই এবং হাসনাত ভাই এই পাঁচ জন ছাড়া এনসিপি স্বয়ংসম্পূর্ণ মনে হয় না। এ পাঁচজনকেই সমপর্যয়ের পদবী তে রাখা উচিত এন সি পি র।",2,2,1,2,2
বুদ্ধিবৃত্তিক মেধাচর্চার রাজনীতিতে নাহিদ অনেক এগিয়েই থাকবে। জুলাই যোদ্ধাদের পুরোটাই কলিজা আর কলিজা।,2,2,1,2,2
"আসিফ, নাহিদ,সার্জিস,হাসনাত এক থাকতে হবে আমরাই আপনাদের প্রথম বিপ্লবী মানি!",2,2,1,2,2
"জুলাই তে যেভাবে ঐক্যবদ্ধ ছিলেন, সামনের দিন গুলি তে ঐক্যবদ্ধ দেখতে চাই।",2,2,1,2,2
এটাই এনসিপি। যেখানে নীতি আছে।,2,2,1,2,2
আপনারা সঠিক সিদ্ধান্ত নিয়েছেন আপনারা বিএনপির সাথে যোগ দিলে জুলাই ব্যর্থ হতো।,2,3,1,2,2
এনসিপি তাদের দলে একটা স্বচ্ছ গণতান্ত্রিক পদ্ধতিতে সংখ্যা গরিষ্ঠ সদস্যদের মতামতের ভিত্তিতে তাদের সিদ্ধান্ত নিয়েছে। এজন্য এনসিপিকে ধন্যবাদ জানাচ্ছি।,2,2,1,2,2
"দেশ,দল ও ব্যক্তিগত নিরাপত্তার জন্য বিপ্লবীদের সংঘবদ্ধ থাকা জরুরি।",2,2,1,2,2
এই দলটা নিয়ে কেন যেন একটু হলেও আশা আছে এখনো ।। এ সংগ্রাম চলুক।।,2,2,1,2,2
"একতাই শক্তি একতাই বল, এগিয়ে যাও ১০ দল, রাজনৈতিক সমযোতা না হলে আগামী ১০০ বছরেও ইসলামি দল ক্ষমতায় আসবে না।",2,2,1,1,2
ইনশাআল্লাহ তারুণ্যের স্বপ্ন পূরণ হবে।বাংলাদেশ এগিয়ে যাবে,2,2,1,2,2
ইনশাল্লাহ জাতীয় নাগরিক পার্টি জিতবে,2,2,1,2,2
"কোটি জনতার আশার আলো, এনসিপি সামনে চলো।",2,2,1,2,2
"সন্ত্রাসবাদ ও সহিংসতার বিরুদ্ধে, শান্তি, গণতন্ত্র, নতুন রাজনৈতিক বন্দোবস্ত ও ইতিবাচক পরিবর্তনের পক্ষে ভরসার আরেক নাম এনসিপি",2,2,1,2,2
এনসিপি-‌শি‌বির ভাই ভাই,2,2,1,1,2
"২৪ শে বিপ্লবী দেশপ্রেমিক ছাত্রজনতা ফ্যাসিস্ট মুক্ত বাংলাদেশ করেছে। আগামী নির্বাচনে দেশপ্রেমিক জনগণ চাঁদাবাজ মুক্ত বাংলাদেশ গড়বে, ইনশা'আল্লাহ।",2,2,1,2,2
দল ছোট নতুন হলেও অনেক পুরাতন এর চেয়ে বেশি আলোচিত এটা ভালো দিক ধীরে ধীরে এগিয়ে যাবে,2,2,1,2,2
শাপলা কলি এগিয়ে যাবে তরুণ দের হাত দরে,2,2,1,2,2
"আমাদের একতা ও সাহসই আমাদের শক্তি। ইনকিলাব জিন্দাবাদ, পরিবারতন্ত্র মুর্দাবাদ",2,2,1,2,2
এনসিপি কে ধন্যবাদ চাঁদাবাজদের সাথে জোট না করে যারা জুলাই কে ধারণ করে সবাই ঐক্যবদ্ধ হচ্ছে দলগুলোর সাথে জোট বদ্ধ হয়েছে,2,3,1,1,2
ভারতীয় আধিপত্যবাদের বিরুদ্ধে লড়াইয়ে সমঝোতা জোট সবকিছুই সমর্থন রইল,2,2,1,1,2
বিপ্লবীরা ঐক্যবদ্ধ থাকলে বাংলাদেশ শক্তিশালী হবে,2,2,1,2,2
"আমার কাছে বাংলাদেশের সব দল এক পাশে, আর আমি শুধু নাহিদ ভাইয়ের পাশে",2,2,1,2,2
ভারতীয় হেজিমনি থেকে দেশ উদ্ধার করতে জামায়াতের সাথে এনসিপির নির্বাচনী জোটকে আমি স্বাগত জানাই।,2,2,1,1,2
"হাসনাত একটা জিনিস, এমন দেশপ্রেমিক যদি সবাই হতো।দেশটা কতোইনা সুন্দর হতো",2,2,1,2,2
আজ থেকে কয়েকশো বছর পরেও আমাদের ইতিহাসের বই পুস্তকে দূরদর্শী নেতাদের কথা লেখার উদাহরণ হিসেবে একজন হাসনাত আব্দুল্লাহর নেতৃত্বের গুনাবলি লেখা থাকবে,2,2,1,2,2
চাঁদাবাজদের বুকে কাঁপন ধরানোর জন্য এক নাসিরুদ্দিন পাটওয়ারী-ই যথেষ্ট!,2,3,1,2,2
"হাসনাত আবদুল্লাহ, নাসিরুদ্দীন পাটোয়ারী, নাহিদ ইসলাম বেয়াদব নয়, এরা হলো এই প্রজন্মের প্রতিবাদী কন্ঠস্বর  নাসির উদ্দীন যদি বেয়াদব হয় তাহলে এদের মতন বিয়াদব আমাদের দেশের জন্য দরকার",2,2,1,2,2
আজকের পর থেকে এনসিপি কিন্তু বিএনপির চেয়েও বড় দল!,2,3,1,2,2
"নাসিরউদ্দিন পাটোয়ারী লন্ডন থেকে ভেসে আসা কোনো নেতা নয়, সে রাজপথের সংগ্রাম থেকে গড়ে ওঠা এক বিপ্লবী।",2,3,1,2,2
"আমাদের আগামী প্রজন্ম, ওরাই আমাদের শক্তি",2,2,1,2,2
গণমানুষের কন্ঠ এনসিপি,2,2,1,2,2
নব্য ফ্যাসিবাদের বিরুদ্ধে আপোষহীন সংগ্রামের নাম এনসিপি,2,3,1,2,2
"ভাই যেকোন সময় প্রস্তুত আছি শুধু আপনাদের একটি ডাকের অপেক্ষায় একটি ফ্যাসীবাদের ভয়ংকর পতন করে দেখিয়েছি এখন আরেকটির পালা  ইনকিলাব ""জিন্দাবাদ""",3,3,1,2,2
জণগনের ভাষা বুঝে এনসিপি,2,2,1,2,2
এনসিপি খুব শিখ্রই ক্ষমাতায় বসতে চলেছে,2,2,1,2,2
"যে যাই বলুক আপনার দল হিসেবে এনসিপি র সাথে দ্বন্দ্ব বিরোধ থাকতেই পারে কিন্তু তাদের ওই অবিচল সিদ্ধান্তই আজকে আমাদের ফ্যাসিবাদ, স্বৈরাচার মুক্ত বাংলাদেশ উপহার পেয়েছি আলহামদুলিল্লাহ",2,2,1,2,2
এনসিপি ফটকাবাজ,2,2,3,2,2
এন সি পি থেকে এখন পচা দুর্গন্ধ ছড়াচ্ছে,2,2,3,2,2
বাচ্চা পার্টি,2,2,3,2,2
জুলাই বিক্রেতা,2,2,3,2,2
জুলাই অভ্যুত্থানের কলঙ্ক এনসিপি,2,2,3,2,2
ভবিষ্যতের ফুটবল হবে এনসিপি সবার লাথি খাবে।,2,2,3,2,2
"যাদের রক্ত বিক্রি করে শিশু পার্টির নেতারা আঙুল ফুলে কলাগাছ হয়েছে, সেই জুলাই যুদ্ধাদের এখন আর খোঁজ খবর নাই।",2,2,3,2,2
"এনসিপি কয়দিন পরে গান গাইবো,,আমি নিজের হাতে নিজের পায়ে কুড়াইল মারিলাম,,",2,2,3,2,2
তেলাপোকা নিজে কে পাখি মনে করা আর এনসিপি নিজে কে দল মনে করা এক কথা,2,2,3,2,2
বাচ্চারা কাইন্দোনা,2,2,3,2,2
এনসিপি হারিয়ে যাওয়ার সম্ভাবনাই বেশি।,2,2,3,2,2
রাজনৈতিকভাবে এনসিপি এদেশে এখনো কিছুই না।,2,2,3,2,2
জাতীয় নব্য চিলড্রেন চাঁদাবাজ পার্টি,2,2,3,2,2
নির্বাচনের পরে কোন অস্তিত্বই থাকবে না,2,2,3,2,2
শিশু পার্টি,2,2,3,2,2
এনসিপি কি পাগল হইয়া জাইতাছে দিন দিন,2,2,3,2,2
এই এনসিপি কে বিএনপি টিস্যু পেপার মতো ব্যবহার করে ডাস্টবিনে নিক্ষেপ করবে।,2,1,3,2,2
এনসিপি হচ্ছে কলা বাদুরের মত এক গাছ থেকে আরেক গাছে গিয়ে কলা খায়,2,2,3,2,2
এনসিপি মবসন্ত্রাসী,2,2,3,2,2
আমার মনে হয় যুক্তিহীন ও নির্বোধ মতামত দিয়ে জামায়াতের পিছনে পড়ে নিজেদেরকে চাদাবাজ দলের কাতারে নিয়ে আসতেছেন।,2,3,3,1,2
"নবগঠিত এই দল গণমানুষের মনে যে সামান্য পরিমাণ দরদ পেয়েছিল, চাঁদাবাজি , মাস্থানী আর অসৌজন্যমূলক আচরণের কারণে দরদের সেই জায়গাটাও তারা হারিয়ে ফেলেছে।",2,2,3,2,2
এনসিপি নিজেদেরকে দিন দিন স্বার্থান্বেষী হিসেবে প্রমাণ করেছে।,2,2,3,2,2
গণঅভ্যুত্থানকে পুঁজি করে ব্যবসা করতে চাইলে মুক্তিযুদ্ধ ইন্ডাস্ট্রির মত আপনারাও ইতিহাসের আস্তাকুঁড়ে নিক্ষিপ্ত হবেন ইনশাআল্লাহ।,3,2,3,2,2
যে দলের মেম্বার হওয়ার মত লোক নাই সেই জামাতের সাথে লাগতে আসে।,2,2,3,1,2
অভ্যু*ত্থান এন*সিপির বাপের নয়,2,2,3,2,2
চেতনা বিক্রিতে এনসিপি ফ্যাসিস্ট আওয়ামীলীগকেও ছাড়িয়ে যাচ্ছে।,3,2,3,2,2
জুলাই বিক্রি করে এনসিপির নেতারা পেট এবং পকেট বারি করেছে।,2,2,3,2,2
জীবনে আর কিছু না দেখলেও চোখের সামনে এনসিপির মারা খাওয়া দেখছি ,2,2,3,2,2
দুধের বাচ্চা গুলা।,2,2,3,2,2
"আফনেরা জুলাই নিয়্যা ব্যবসা করবেন, সমন্বয়ক কইয়্যা চাদাবাজি কইর‍্যা টেকা ইনকাম করবেন, ক্ষেমতায় যাইবেন।",2,2,3,2,2
পরিশ্রম ছাড়া অন্যের কাদের উপর ভর করে নেতা হতে চাই এবং নেতৃত্ব দিতে চাই সেই দলটি হচ্ছে এন সি পি।,2,2,3,2,2
জামাত শিবিরের লোক ছাড়া তাদের জনসভা করতে পারে না।,2,2,3,1,2
জুলাইকে কুক্ষিগত করতে গিয়ে এনসিপি জাতিকে বিভক্ত করেছে।,2,2,3,2,2
জুলাই বিক্রি করে রাজনীতিকে অস্থিতিশীল করেছে।,2,2,3,2,2
"সিনিয়র সিটিজেন, রাজনীতিবিদদের নূন্যতম সম্মান এনসিপি দেখাতে পারেনা।",2,2,3,2,2
জুলাই বেচার একমাত্র দল এনসিপি,2,2,3,2,2
গণঅভ্যুত্থান সিনতাই করার চেষ্টা করছে এনসিপি সফল হয়নি তাই আবোল তাবল বকছে।,2,2,3,2,2
"জামায়াত শুধু তোদের না, ২৪ অভ‍্যুত্থানের ও বাপ!",2,2,3,1,2
গণঅভ্যুত্থান কারো একক সম্পত্তি না আর যদি এনসিপি একক সম্পত্তি বানাতে চাই তাহলে আওয়ামী লীগের মতো মুক্তিযুদ্ধের চেতনা ব্যবসার মতো এতো দিন টিকতে পারবে না,3,2,3,2,2
"এতো দিন জামায়াত - শিবিরের সরাসরি সাপোর্টে উঁচু গলায় কথা বলেছিস, গোপালগঞ্জ সহ দেশের বিভিন্ন জায়গায় মার খাচ্ছিস, সব জায়গায় জামায়াত তোদের পাশে দাড়িয়েছে।",2,2,3,1,2
জুলাই বিক্রি করে ভালো টাকা কামাইছো,2,2,3,2,2
তোমরা এতো অল্প বয়সে নষ্ট হয়ে যাবে ভাবতে পারিনি,2,2,3,2,2
নিজেদেরকে গণঅভ্যুত্থানের বাপ দাবি কইরেন না,2,2,3,2,2
এনসিপির ছেলে গুলো বখে যাচ্ছে।,2,2,3,2,2
এন সিপির সমস্ত নেতাকর্মির উদ্যেশ্য বলতাছি আজ থেকে আপনারা জামাত কে আব্বা ডাকবেন,2,2,3,1,2
"এনসিপি যেভাবে কথা বলতেছে মনে গণঅভ্যুত্থান শুধু তারাই করেছে, অন্যদল গুলোর কেউ ছিলো না!",2,2,3,2,2
গনঅভ্যুত্থান নামক বাপ কে তো তোমরা বিক্রি করে খেয়ে ফেলেছো।,2,2,3,2,2
গণঅভ্যুত্থানের ডিলার নিয়েছে নাকি এনসিপি(ন্যাশনাল সুবিধাবাজ পার্টি),2,2,3,2,2
বাচ্চারা কথা শিখছো,2,2,3,2,2
২৪ এর জুলাই আগস্ট নিজের দলের সম্পদ মনে করাটাই সবচেয়ে বড় ভুল।,2,2,3,2,2
এনসিপির ভবিষ্যৎ অন্ধ।,2,2,3,2,2
এনসিপি ও পুরনো রাজনৈতিক ধারা বজায় রেখে চলা শুরু করছে মনে হচ্ছে।,2,2,3,2,2
জামাতের সমর্থন ছাড়া এনসিপি শুকনো পাতা।,2,2,3,1,2
নিজেদের ব্যক্তিগত ফ্রাস্ট্রেশন অথবা রাজনৈতিক ফ্রাস্ট্রেশন এর পর্যায়ে আছে এন সি পি,2,2,3,2,2
"আগে ছিল মুক্তিযুদ্ধের চেতনা, এখন হইছে জুলাই চেতনা।",3,2,3,2,2
বেশির ভাগ পোলাপানই হাটুর বয়সী,2,2,3,2,2
ভাই আপনারা দেশের বড় একটা সংখ্যার কাছে গ্রহণযোগ্যতা হারিয়েছেন,2,2,3,2,2
দেশ ধ্বংসের কারিগর জুলাই ব্যবসায়ী হঠাও বাংলাদেশ বাঁচাও,2,2,3,2,2
এনসিপি মানুষের আবেগ অনুভূতিকে টার্ম কার্ড হিসেবে ব্যবহার করলো।,2,2,3,2,2
ফালতু এনসিপি বয়কট। কিসের সাথে কি পান্তা ভাতে ঘি,2,2,3,2,2
এনসিসির ফুটেজ খোরি মানুষ আর খায় না,2,2,3,2,2
বাটপারের দল। জুলাই বেচে খাইছিস তোরা।,2,2,3,2,2
কলি কখনো ফুটবে না ভুঝলে সোনা গো আমার-মানুষ এই কয়েক মাসে বুঝে গেছে কলির ভিতর পোকা আছে।।,2,2,3,2,2
এনসিপি নব্য রাজাকার টিকতে না বেশিদিন,2,2,3,2,2
আপনারা একসময় ছিলেন হিরো এখন আপনারা হয়ে গেছেন জিরো,2,2,3,2,2
"তোরা জুলাইয়ের গাদ্দার,ক্ষমতা তোদের কাছে বড় হয়ে গেছে,হাদি ভাইয়ের লাশ ভুলে কিভাবে পারলি প্রথম কালো আর ডাইনী সিস্টার দেখতি",2,2,3,2,2
"দুঃখের সাথে বলতে হচ্ছে এনসিপির সাথে জণগণ আর কোন আন্দোলনে নাই, বিশেষ করে তাওহীদি জনতা।",2,2,3,2,2
হায়রে এনসিপি!নিজের কর্মীদের নিরাপত্তা দিতে সক্ষম না।,2,2,3,2,2
"আপনারা কি কিছুই করবেন না,,শুধু দুঃখ প্রকাশ এবং অথর্ব সরকারের কাছে বিচার চাইবেন??",2,2,3,2,2
এনসিপি ক্ষমতার লোভে এখন সুশীল সেজে বসে আছে।,2,2,3,2,2
এদেশের মানুষ আস্তে আস্তে এসব ক্ষমতা লোভী ছেলেদের থেকে মুখ ফিরিয়ে নিচ্ছে।,2,2,3,2,2
জুলাই বিপ্লব যদি ব্যর্থ হয় তবে এদেশের লক্ষ তরুণ এনসিপির এসব নেতারদের কখনোই ক্ষমা করবে না।,2,2,3,2,2
ওদের জন্যই বিপ্লবী সরকার গঠন করা সম্ভব হয়নি। ওদের কঠিন বিচার হবে একদিন।,2,2,3,2,2
"তোমাদের থেকে জাতির বিশ্বাস উঠে গেছে , এই বিশ্বাস আর অর্জন করতে পারবে কি না জানি না ,",2,2,3,2,2
বিপ্লবী নেতারা টেবিলে সুশীল সাজলে কর্মী রা এভাবেই হারিয়ে যাবে,2,2,3,2,2
"এই জুলাই বিক্রি করে তোরা অনেক টাকা ইনকাম করছিস, নিজেদেরকে তোরা বিক্রি করে দিয়েছিস। তোদের জন্য সামনে চরম অপমান আর দুর্দশা অপেক্ষা করছে।",2,2,3,2,2
এনসিপি জুলাই ধ্বংস করে দিয়েছে,2,2,3,2,2
এনসিপি তাদের অবস্থান হারিয়ে ফেলছে।,2,2,3,2,2
এন সি পি বেশি বেশি সুশীতলা দেখাও।,2,2,3,2,2
এনসিপি কে এখন গালি দিতে ইচ্ছে করে সালার পুতে রা এখনো বিপ্লবেের ডাক দেয় না কেন,2,2,3,2,2
এতো সুন্দর সপ্নের দলটা চোখের সামনে কিভাবে পঁচে যাচ্ছে,2,2,3,2,2
ভারতকে ভয় পেয়ে যদি দালালি করেন তাহলে শহীদের মর্যাদা তো দূরের কথা মানুষের মর্যাদাও পাবেন না,2,2,3,2,2
"জুলাইয়ের রক্তের সাথে দালালি, একদিন হিসাব দিতে হবেই",2,2,3,2,2
নাটক কম কর একটা জাতিকে তোমরা ধ্বংস করছে তোমরা দেশের দুশমন জনগণের দুশমন,2,2,3,2,2
এনসিসি ২৪ এর স্বাধীনতাকে সমালোচিত করছে,2,2,3,2,2
এনসিপি শহীদদের রক্তের সাথে বেইমানি করছে কোন বিচার কোন কিছুই করেনি এরা উপদেষ্টার চেয়ারে বসে লুটপাট করছে ছি ছি ছি এদের নাম শুনলেই এখন ঘেন্না লাগে,2,2,3,2,2
এনসিপি তাদের দলীয় লোকদের নিরাপত্তা দিতে ব্যর্থ হয়েছে।,2,2,3,2,2
আশা করি আগামী একবছরের মধ্যেই এনসিপি নামটা বাংলাদেশের মানুষের কাছে অপ্রাসঙ্গিক হয়ে যাবে।,2,2,3,2,2
এনসিপি বিলুপ্ত হয়ে যাবে। আর থাকলেও বাংলাদেশের সেই সব দলের মত অবস্থা হবে যেগুলোকে দেশের ৯০ শতাংশ মানুষ চেনেই না।,2,2,3,2,2
সুযোগ ছিলো কিন্তু এরা কাজে লাগাতে পারেনি।,2,2,3,2,2
আজ যখন আমার ভাই হাদি শহীদ হলেন তখন এনসিপি নেতারা আমাদের জ্ঞান দিচ্ছে শান্ত থাকার জন্য। সুতরাং বলতেই হয় এনসিপি বিক্রি হয়ে গেছে।,2,2,3,2,2
শাপলার কলি পুরোটা ফুটার সুযোগ একেবারে তলানিতে ১/২শতাংশ ।,2,2,3,2,2
সুযোগ হাতছাড়া হয়ে গেছে এই দেশের তরুণরা আপনাদের উপর একটু বেশিই ভরসা করে পেলছিলো।,2,2,3,2,2
বয়কট এনসিপি,2,2,3,2,2
দেশের ঐক্য নষ্টকারি হলো একমাত্র এনসিপি,2,2,3,2,2
এনসিপি মানে জুলাই বিক্রেতা,2,2,3,2,2
আপনারা দিনে দিনে আরো বিচ্ছিন্ন হয়ে পরবেন জনগণ থেকে।,2,2,3,2,2
এন সি পি পরিত্যাগ করলাম,2,2,3,2,2
এন সি পি বয়কটের সময়ে এসেছে,2,2,3,2,2
এনসিপির হাসনাত আবদুল্লাহ বাদে এদের একজনকেও পছন্দ করি না…..বাংলাদেশ মানুষ এদের থেকে মুখ ফিরিয়ে নিচ্ছে এদের কর্মকান্ডের কারনে…..,2,2,3,2,2
"বিপ্লবীরা সুশীল হয়ে গেছে,,, তোদের ধ্বংস অনিবার্য",2,2,3,2,2
"এনসিপি ভুল করছে, জনগণের পাল্স বুঝতে পারছে না, ডেইলি স্টার আর প্রথম আলো জন্য কান্না করাটা একদম ঠিক হয় নাই।।",2,2,3,2,2
"আমরা চাইছিলাম তোমরা বিপ্লবী হও, তা না করে তোমরা সুচিলগীরি মারাও। বয়কট করলাম তোমাদের ।",2,2,3,2,2
এনসিপি নামে যারা নিজেদের ‘সুশীল’ পরিচয় দেয়—আসলে তারা খুনি হাসিনার পথেরই অনুসারী।,3,2,3,2,2
"আজ যারা ছাত্র–জনতা হয়ে রাস্তায় নেমে এনসিপিকে বয়কট করেছে, তাদের প্রতি জানাই আন্তরিক কৃতজ্ঞতা। জনগণের প্রত্যাখ্যানেই তারা লোক না পেয়ে নিজেদের ডাকা সমাবেশ স্থগিত করতে বাধ্য হয়েছে।",2,2,3,2,2
আল্লাহ তায়ালা জুলাইয়ের গাদ্দারদের হাত থেকে আমার প্রিয় মাতৃভূমি বাংলাদেশকে হেফাজত করুন। আমিন।,2,2,3,2,2
এনসিপি বিলুপ্ত হয়ে যাবে ইনশাআল্লাহ।,2,2,3,2,2
"এই দালাল,দুর্নীতিবাজ,মব সৃষ্টিকারী এনসিপি বঙ্গোপসাগরের গভীরে তলিয়ে যাবে।",2,2,3,2,2
জুলাই কে যারা বিক্রি করেছে তাদের অন্যতম একজন হল নাহিদ,2,2,3,2,2
"হায়রে এনসিপি! দেশে রাজনীতির নামে যেন বিষফোড়ায় পরিণত হয়েছে, আর অতিরিক্ত সুশীলতা তার বিস্তার আরো বাড়িয়ে দিয়েছে!",2,2,3,2,2
"তোমরা রাজনীতি শুরু করে জুলাইকে কুক্ষিগত করতে চেয়েছিলে যেটা পারোনি, আর তা হাদীদের কারণেই।",2,2,3,2,2
একমুখে হাদির প্রতি মায়াকান্না আর অন্য মুখে ভারতীয় দালাল মিডিয়া প্রথমালু ও দিল্লি স্টারের পক্ষে সরব ভূমিকা এদেশের মানুষ আর দেখতে চায় না। এনসিপি আপনাদের অবস্থান স্পষ্ট করুন। জুলাই চেতনা বেঁচে খাওয়ার দিন শেষ।,2,2,3,2,2
মেট্রোরেল স্টেশন ভাঙ্গার পর জালিম হাসিনাও একই নাটক করেছিল। যা আবার ফিরিয়ে আনলো এই এনসিপির দালালরা।,3,2,3,2,2
"এই দলের তো এমনিতেই পিছা মারা সারা।আরও গেছে দালালী করতে,,,,,,",2,2,3,2,2
বাকশাল আইছে রে আইছে এনসিপির রুপ ধরে আইছে,2,2,3,2,2
জুলাই পোস্টার বয় গুলো এখন আস্তে আস্তে জুলাই গাদ্দারে পরিনত হচ্ছে।,2,2,3,2,2
"তোমরা শেষ,বাউল এবং দিল্লি স্টারের পক্ষ নেওয়ায় তোমাদের শাপলা কলি কখনোই ফুটবে না।",2,2,3,2,2
"প্রথম আলো, ডেইলি স্টার পরিদর্শন আর মোদির পা ধরে সালাম করে দাসত্ব বরন করা একই কথা। আমরা তা কোনো কালেই মেনে নেবো না। এনসিপি তার কর্মের দ্বারাই আঁস্তাকুড়ে নিক্ষিপ্ত হবে।",2,2,3,2,2
"এরা দেখি ক্ষমতা পাওয়ার জন্য, ভারতের দালালি শুরু করচে",2,2,3,2,2
এনসিপির দৌড় এখানেই শেষ,2,2,3,2,2
"দেশতো এখন তোদের, তোরাই নির্ধারণ করে দিবি,যে কারা ক্ষমতায় যাবে? মাদারচোদকা বাচ্চে এনসিপি",2,2,4,2,2
ধোনসিপি নতুন করে আবার কোটা কোটা করলে শাউয়ার হাড্ডি একটাও লগে থাকবো না,2,2,4,2,2
জাতীয় চটি পার্টি (NCP),2,2,4,2,2
"ছাপলা তগো হংগায় হইরে দিবাইন, হাংগেল ফোলা",2,2,4,2,2
জাতীয় কনডম পার্টি,2,2,4,2,2
ধোনসিপি ,2,2,4,2,2
জুলাই ভরে দিব শাপলা সহ,2,2,4,2,2
আবাল শাপলা কি তোদের বাপের সম্পদ নি যে পথিক দেয়ার আগেই তোরা ব্যবহার করস,2,2,4,2,2
"টোকাই দল বেগুন নিয়ে অফ যা সালারা,শাপলা মরলেও পাবি না তরা",2,2,4,2,2
জুলাই টোকাই,2,2,4,2,2
টিএসসির টুকাইরা টিসসিতে চলে যা,2,2,4,2,2
"বাপ মরছে আন্ধা গুন্দা পোলার নাম নাকি কারেন্ট , এনসিপি টুকাইদের হয়েছে এ অবস্থা",2,2,4,2,2
ধো ন কিলাব এনসিপি,2,2,4,2,2
"এনসিপির বিশাল মিছিল, আমাদের এলাকায় এর থেকে বেশি কুকুরের বাচ্ছা রাস্তায় থাকে",2,2,4,2,2
গনঅভ্যুথান তদের বাপের সম্পত্তি একদম অভ্যভুথান বেচে খাওয়া একদম পু ট কিতে ভরে দেওয়া হবে,2,2,4,2,2
ন্যাশনাল চুদলিংপং পার্টি (এনসিপির) পক্ষ থেকে সাথে নীলা ইস্রাফিলের পক্ষ থেকে শুভকামনা,2,2,4,2,2
"অভ্যূত্থান এর গোয়ামারা আপ্নারাই দিছেন, কদিন পর আপনাদের ডাকে কেউ আসবেনা, নিজেদের বিশ্বস্ততা ধরে রাখতে পারেন্নাই।",2,2,4,2,2
তোমরা গণঅভূত্থানের পো/ মারি দিছো।,2,2,4,2,2
এখনি বাল গোজায়নি আর এনসিপি এখনি বিয়ে করতে চায় ব্যাপারটা অনেক একই রকম,2,2,4,2,2
বাল পাকনা এনসিপি!,2,2,4,2,2
জামাত আর এনসিপি গোলাম আযমের দুই বিচি!,2,2,4,4,2
জুলাই চুদি কুড়িগ্রাম জেলা রাজারহাট উপজেলা দিনোবাজার পারলে মব বাহিনী নিয়ে আসিয়েন,2,2,4,2,2
শালায় যেন ভাগতে না পারে আমার চ্যাটে বাল এনসিপি,2,2,4,2,2
"কতবড় নহারামজাদার দল এরা একবার দেখেন, সারাদেশে শহীদ মিনার ভেঙে,মুক্তিযোদ্ধাদের আপমান করে এরাই আবার শহীদ মিনারে পাদতলে। ভণ্ডামির শেষ কোথায়?",2,2,4,2,2
আবেগের দোচনে বাচে না হাসনাত,2,2,4,2,2
জুলাই জঙ্গি রাজাকার চুদি,2,2,4,2,2
"নাগরিক পার্টি, শাউয়া পার্টি",2,2,4,2,2
এন সি পি হ্যালো মাগীবাজ ও মাদক ব্যবসায়ীদের দল।,2,2,4,2,2
দলটির জন্ম হয়েছিল লাগালাগির জন্য তাই বলে গুলি লাগিয়ে দিবে তা একদম মানা যায় না,2,2,4,2,2
বাল সি পি তোমার কাজ ত শুধু পোন্দের আলোর পরিদর্শন করা,2,2,4,2,2
"পথম আলু ও ডিললি স্টারে গিয়ে শোক পালন কর সুদানির পোলারা, তোদের সুশীলতার কারণে এই মানুষগুলো জীবন দিয়ে দিতে হচ্ছে। ",2,2,4,2,2
এনসিপির উচিত এখন সুশীলতা চো*দানো এবং প্রথম আলো পরিদর্শনে যাওয়া।,2,2,4,2,2
ন্যাশনাল ছুদানির পোত একটাও ছাড় দেওয়া হবে না না না!!!!,2,2,4,2,2
এনসিপি মানে চাদাবাজি চুরি ডাকাতি সন্ত্রাসী সঠিক কাজ করেছে কুকুর বাহিনী কে কুপিয়েছে,2,2,4,2,2
জাউ রা নাহিদরে কেউ বইলেন এনসিপির শ্রমিক নেতা মাথায় গুলি খাইছে।পোন্দের আলো আর দিল্লি স্টারের কাছে বিচার দিতে।,2,2,4,2,2
স্যার তারেক রহমান আসছে। এনসিপির শাউ/য়া মাউয়া সাবধান।,2,1,4,2,2
এনসিপির সুশীলতাকে চু/দি। ,2,2,4,2,2
এই শাওয়ার পোলারা জুলাইয়ের গাদ্দার,2,2,4,2,2
"এনসিপিকে নির্বাচন পর কুত্তায়ও গনবে না,বিপ্লবী এমন হয় নারে পাগলা",2,2,4,2,2
পুন্দের আলো আর দিল্লী স্টারের দালালী করায় তোমাদেরকে গু দিচ্ছে মানুষ। ,2,2,4,2,2
"রাজনীতির হোগা মাইরা,,, জনসমর্থন শূন্যে নামাইছিস",2,2,4,2,2
বিপ্লবী শব্দের হো* মে* দিছে এই বিপ্লবীরা,2,2,4,2,2
এনসিপি এখন রাজনৈতিক বে*শ্যায় পরিণত হয়েছে,2,2,4,2,2
"ন্যাশনাল চুদলিং পং,,এনসিপির বর্তমান পূর্ণরূপ।",2,2,4,2,2
"জাতির গাদ্দার জুলাই কুক্ষিগত করে একদিকে বলবে সব উল্টে ফালাও, অপর দিকে বলবে মব, ক্ষমতা জনগন সময় মতো ভরে দিবে পিছন দিয়ে",2,2,4,2,2
শালা দালাল চক্র তোরা কি এটায় বিপ্লব করছো ভন্ড,2,2,4,2,2
"দালাল,সুশীল মাদারবোর্ড রা জুলাইয়ের গাদ্দার।",2,2,4,2,2
"ন্যাশনাল চোর পার্টি, তোরা দিল্লি স্টার প্রথম আলোর কোলে গিয়ে উঠছিস চোরের দল",2,2,4,2,2
তোমরা যে ইন্ডিয়ার গু খাইছো সেটা জাতি বুঝে গেছে,2,2,4,2,2
মব মারানি পুতেরা এনসিপি গাদ্দার বাচ্চারা,2,2,4,2,2
এনসিপিরে চুদি,2,2,4,2,2
২৪ এর কিছু খানকির ছেলে পেলেরা।,2,2,4,2,2
সুশীলতা চুদাইতে গেছেন? জুলাই গণঅভ্যুত্থান তো আপনারাই বেচে খাইতিসেন। সুশীলতা চুদাইতে গিয়ে তো দেশটার হো* মারলেন সবাই মিলে,2,2,4,2,2
কুত্তার বাচ্চার তোরা বিপ্লব বিক্রি করে দিলি,2,2,4,2,2
তোমাদের সাউয়ার দল গঠনের জন্যেই আজকে স্বপ্নের বাংলাদেশ গড়তে পারলাম না।,2,2,4,2,2
এমপি হওয়ার লোভে 'জুলাই চেতনা' চু*দলিং পং!ওয়াক থু! থু!!,2,2,4,2,2
"এ হাউয়া। দুদিন পর নির্বাচন, এখনো কমিটি দেছ, নির্বাচনের দিনও একটা কমিটি দিছ",2,2,4,2,2
এনসিপির কিছু নেতার কথা শুনলে মনে হয় রাস্তার কুকুর ঘেউঘেউ করছে।,2,2,4,2,2
এনসিপির এই বালের নাটক মানুষ অনেক আগেই বুঝে গেছে।,2,2,4,2,2
"জনগনের সপ্নকে গোয়া মারা দিবেন, আর নতুন দল বলে সব ভুল ক্ষমা করা যাবে, এমনটা না।",2,2,4,2,2
আমাদের প্রানের নেতৃ শেখ হাসিনা দেশে ফিরে ২৪ এর মা গির পোলা গোরে জেলে ভরব,1,2,4,2,2
এনসিপির এই চুদ লিং পং গুলা আমাদের নেতা তারেক রহমানের গু এরও যোগ্য না।,2,1,4,2,2
"আমাদের নেতৃ শেখ হাসিনা দেশে ফিরলে ২৪ এর কুত্তার বাচ্চা গুলা, ৭১ র শয়তান গুলা পালানোর জায়গা পাবে না",1,2,4,4,2
গাধার বাচ্ছার দল এই এনসিপিকে নিয়ে অতিরিক্ত হাইপ তৈরি করা হয়েছে। শালা রা গাধা থেকেও অধম।।,2,2,4,2,2
"এনসিপি না গুয়ের সিপি, তোদের মত সুদানির পোলাগোরে  মানুষ আর বিশ্বাস করে না।",2,2,4,2,2
চু দ লি ং পং পার্টি মানুষকে বোকা ভাবা এই রাজনীতি চলবে না।,2,2,4,2,2
ফেসবুক ভরে গেছে ২৪ চুদা নি দের বট সমর্থকদের পোস্টে।,2,2,4,2,2
"এনসিপির সব শালার পুতেদের কথায় বিপ্লব, কাজের বেলায় ঠনঠন।",2,2,4,2,2
"কথায় অনেক আগুন, কাজে কিছুই নাই, শাউ য়া ভরা তেজ মানেই এনসিপি",2,2,4,2,2
"নাহিদ হাসনাতদের শুধু ফেসবুকেই বাল ছিরা বিপ্লব, বাস্তবে কাম শূন্য।",2,2,4,2,2
মাঠের চেয়ে এনসিপির চু দা চু দি ফেসবুকে বেশি শক্তিশালী,2,2,4,2,2
"পাটয়ারি একটা আবাল। মানুষ পরিবর্তন চায়, বিভ্রান্তি না।",2,2,4,2,2
জাতীয় হাগু পার্টি শালারা তোরা জনগণের আবেগের উপর হাগুমুতু করে দিসস।,2,2,4,2,2
"তোগো এই হাঙ্গার রাজনীতি টিকবে না, ২৪ এই তোগো মেয়াদ শেষ",2,2,4,2,2
"ফেসবুকের জনপ্রিয়তা আর বাস্তব জনপ্রিয়তা এক না, গাধার বাচ্চা রা, জাতীয় গাধা পার্টি",2,2,4,2,2
"২৪ এর আবেগ দিয়ে সবসময় রাজনীতি চলে না,বেশি হলে হাগতে পারবি",2,2,4,2,2
"এনসিপির কাছে মানুষ ফল চায়, শুধু হে ডার প্রতিশ্রুতি দিয়া কি হবে।",2,2,4,2,2
"হাসনাতদের হাইপ বেশিদিন টিকবে বলে মনে হয় না, কয়দিন পর কু ত্তাও ফিরা তাকাবে না।",2,2,4,2,2
জাতীয় জাউ রা পার্টির বড় জা উরা নাসিরুদ্দিন পাটোয়ারি ,2,2,4,2,2
বালসিপি,2,2,4,2,2
এই হারামখোর হারা মজাদা নাহিদের জাতি ক্ষমা করবে না,2,2,4,2,2
বাটপারের দল। জুলাই বেচে খাইছিস তোরা। পু টকি মারা সারা,2,2,4,2,2
এনসিপি যদি দালালি করে আর মানুষের আবেগ বিক্রি করে হারাম জাদা রা পেট ভরে তাহলে ময়লার স্তূপ হিসেবে জাতির সামনে পরিচিতি লাভ করবে।,2,2,4,2,2
"জুলাইকে আর কত প্রশ্নবিদ্ধ করবি তোরা, বে হাইয়ার বাচ্চারা, নাসিরুদ্দিন সবচেয়ে বড় বেহাইয়া",2,2,4,2,2
শুরেতেই শেষ হয়ে যাবে এই শালার দলের যাত্রা।,2,2,4,2,2
তোরা জনগণ থেকে চিরতরে বিচ্ছিন্ন হয়ে গেলি হে ডার দল এনসিপি,2,2,4,2,2
"টোকাই হারামির বাচ্চাগোর পেট দেখলেই বুঝা যায়, হারাম যাইতাছে ভরপুর, পেটলা নাহিদ ভাড়।",2,2,4,2,2
২ দিন পর এন সি পিকে পু টকি তে বাঁশ ভরে দিবে আলু আর ডেইলি,2,2,4,2,2
মুক্তিযুদ্ধের পরের হারা মি আওয়ামী লীগ আর জুলাইয়ের পরের হারা মজাদার দল এনসিপি সেইম,4,2,4,2,2
"ডাইনি হাসিনার প্রতিচ্ছবি দেখলাম আজকে, সেই মেট্রোরেল সেই বিটিভি কান্নার কথা মনে পড়ে গেলো,,,জুলাইয়ের গাদ্দার এনসিপির পেটলা শয়তান নাহিদকে দেখে।",4,2,4,2,2
ভন্ড দল এনসিপি ভোটের খাতায় শূণ্য পাবি রে তোরা গোলামের পুতেরা।,2,2,4,2,2
আগের এনসিপিকে পছন্দ করতাম। এটা এখন জাশির বি টিম। সব কয়টা শয় তানের মামাতো ভাই।।,2,2,4,2,2
হে ডার এনচিপি মানে ধান্ধাবাজের জোট,2,2,4,2,2
"ছিহ্,অবশেষে তোমরাও সুশীলতার পথ বেছে নিলে। তোমাদের সুশীলতা 'ই তোমাদের একদিন ভোগাবে..সুশীলতা তোমাদের হো গা য় ভরে দিবে।",2,2,4,2,2
তোরাই বাংলাদেশের নব্য দালাল সু দা নির পোয়া সব। জাতি এটা বুঝতে ভুল করলে জাতির কপালে দুঃখ আছে।,2,2,4,2,2
জুলাই গাদ্দারেরা এই সম্ভাবনার নতুন বাংলাদেশের বর্তমান প্রতিবন্ধকতার জন্য দায়ী থাকবে। শা লার পুত গুলা কয়দিন পরই নেং টো হয়ে পালাবে।,2,2,4,2,2
শাপলা কলি আর ফুটবে না কারন সেটা তোদের পা ছা য় হান্দায় দিবে জনগন,2,2,4,2,2
এন সি পি ইস ডেড নাও। বিন এন পির পথে যাচ্ছো? যাও- তবে খুব শীঘ্রই জনগন এই ২ মাদারবোর্ড দলকেই পা ছা য় বাশ ভরে ডাইনি হাসিনার কাছে পাঠাবে,4,4,4,2,2
শালা এনসিপি বিপ্লবী থেকে পা চাটা কুকুর বিড়াল হয়ে গেলো,2,2,4,2,2
"ভারতের দালালদের সমর্থন করার কারনে এনসিপি কে যতটুকুই সাপোর্ট করতাম তা উঠায় নিলাম, হারা মির দল।",2,2,4,2,2
সামান্য কিছু ভোটের জন্য জুলাইয়ের সাথে গাদ্দারি করে চাটুকারিতা থেকে ফিরে আসুন। নতুবা জনগণ আপনাদের মত জা র জ দলকে জুতার মালা পরায় থুতু নিক্ষেপ করবে।,2,2,4,2,2
তোদের মাদারবোডের রাজনীতি শেষ।। তোরা আর বাংলাদেশে রাজনৈতিক দল হয়ে গড়ে উঠতে পারবি না সালারা,2,2,4,2,2
হায়রে!শালার পুতেরা তোরাও প্রথম আলোর কাছে বিক্রি হয়ে গেলি? অনেক আশা ছিলো তোদের নিয়ে।,2,2,4,2,2
শেষ পর্যন্ত তোরাও লোভ সামলাইতে পারলিনা ফকিন্নির বাচ্ছারা,2,2,4,2,2
"২৪ এর জাতীয় মুনাফিক জাতীয় বেইমান পার্টি, যাদের হো*গা ভর্তি বিপ্লব আর বিপ্লব",2,2,4,2,2
"বাইন*চদ আওয়ামী লীগ দেশটারে খাইছে ৭১ কইয়া, ফকিন্নির পুতের দল এন সি পি শুরু করছে ২৪ এর জুলাই কইয়া",4,2,4,2,2
এনসিপির নাটক দেখলে শয়তানও হাসবে। মুনাফিকের সবগুলো লক্ষণ এদের মধ্যে আছে। দেখায় একটা করে আরেকটা। শয়তান এর বি*র্য থেকে আসা এই দল,2,2,4,2,2
এনসিপিও লাশের রাজনীতিও বুঝে গেছে। বাহ! একদিকে লাশের রাজনীতি করে অপরদিকে বিল্ডিং এর জন্য কান্দে চুত*মারানিরা,2,2,4,2,2
"ভাবছিলাম তোরা ভবিষ্যতের বড় একজন দেশ প্রেমিক রাজনীতিবিধ হবি কিন্তু দেখলাম তোরাও কু*ত্তার মত জিববা বের করে বিক্রি হয়ে গেসোস টাকার কাছে, বেইমানি করসস ভাইয়ের রক্তের সাথে।",2,2,4,2,2
ক্ষমতার আশায় নিজেদেরকেও বিকিয়ে দিলা শালার পুতেরা বিপ্লব মারানিরা,2,2,4,2,2
হাজার হাজার শহিদের রক্তের বিনিময়ে কু*ত্তার বাচ্চারা এনসিপির নেতা হয়ে এখন জুলাইয়ের সাথেই গাদ্দারি শুরু করে দিলি।,2,2,4,2,2
এনসিপি ভুয়া! ভুয়া! বাইন চোদ এনসিপি ভুয়া!,2,2,4,2,2
ফকিন্নির পুতেরা বন্যার টাকা খেয়ে জুলাই ধ্বংস করে দিছে।,2,2,4,2,2
বিপ্লব মারানি দল মানেই টোকাই দল এনসিপি,2,2,4,2,2
বিপ্লব মারানিরা তরা আর কোন দিন ডাকলেও রাস্তার পাগলা কু*ত্তাও আসবে না।।,2,2,4,2,2
"তোদের প্রতি বিন্দু পরিমাণ আস্থা, ভরসা নাই জনগনের। যেটুকু আছে সেটাও নষ্ট করিস না। হালা ফুটেজখোরের বাচ্চারা",2,2,4,2,2
দেশ পরিবর্তনের এত বড় একটা সুযোগ এই বাটপারের দল নষ্ট করছে শুধুমাত্র টাকার লোভে শালারা,2,2,4,2,2
দালালি করে ৭১রে মুজিব টিকতে পারিনি আর তোরা তো বাইন*চদ ২৪ শে টিকবি কেমনে।,3,2,4,2,2
"জামায়াত জোটে বাইন*চোদ এনসিপির যোগদানের মাধ্যমে প্রানপ্রিয় জামায়াত তার ঐতিহাসিক মৃত্যু ঘটালো, জামায়াতের সম্ভাবনাও শেষ করে গেল।",2,2,4,1,2
মাঠ গোছালো প্রানপ্রিয় জামায়াত আর উড়ে এসে জুড়ে বসলো গাধার বাচ্ছার দল এনসিপি।,2,2,4,1,2
বাংলাদেশ জামাতের ইসলামী জিন্দাবাদ,2,2,2,1,2
"আগামীর বাংলাদেশ জামায়াতে ইসলামী পরিচালনা করবে, ইনশাআল্লাহ।",2,2,2,1,2
বাংলাদেশ জামায়াতে ইসলামীর নেতৃত্বের জোটই সরকার গঠন করবে ইনশাআল্লাহ।,2,2,2,1,2
জামায়াত ই একমাত্র দেশপ্রেমি সংগঠন।,2,2,2,1,2
এদেশে ইসলাম প্রতিষ্ঠা হলে প্রকৃত ইসলামই প্রতিষ্ঠা হবে।,2,2,2,1,2
ইনশাআল্লাহ জামাত শিবির দাঁড়িপাল্লা জিন্দাবাদ,2,2,2,1,2
আগামীর বাংলাদেশ ন্যায় ও ইনসাফের বাংলাদেশ,2,2,2,1,2
আগামীর বাংলাদেশ কোরআন সুন্নাহর বাংলাদেশ,2,2,2,1,2
আগামীর বাংলাদেশ দাঁড়িপাল্লার বাংলাদেশ,2,2,2,1,2
ইনশাআল্লাহ দাঁড়িপাল্লা আগামীতে জয়লাভ করবে,2,2,2,1,2
"চলছে লড়াই চলবে, জামায়াত শিবির লড়বে",2,2,2,1,2
জামা'তকে আর কেউ থামিয়ে রাখতে পারবে না,2,2,2,1,2
৫৪ বছর আগে ইসলাম! (জামা'ত ইসলামী) পরাজিত হলেও এবার আর পরাজিত হওয়ার কোন চান্স নাই!!!,2,2,2,1,2
ইনশাআল্লাহ জালেমরা পরাজিত হবে আর মজলুমরা জয়ী হবে,2,2,2,1,2
নারায়ে তাকবীর আল্লাহু আকবার বাংলাদেশ জামায়াতে ইসলামী জিন্দাবাদ জিন্দাবাদ।,2,2,2,1,2
ইনশাআল্লাহ ভোটার গান নিরবিচ্ছিন্নভাবে ভোট দিতে পারলে দাড়িপাল্লা মার্কা নির্বাচিত হবে,2,2,2,1,2
"আপনাদের নীতি-নৈতিকতা ধরে রাখুন, ইনশাআল্লাহ জামায়াতে ইসলাম হবে আগামীর বাংলাদেশ!",2,2,2,1,2
আমরা বাংলাদেশ জামায়াতে ইসলাম কে সহযোগিতা করব ,2,2,2,1,2
আল্লাহ পাক আমীরে জামায়াতকে ১৫ নং আসনে কবুল ও মঞ্জুর করে নিন নেক হায়াত দিন,2,2,2,1,2
"হে আল্লাহ তুমি ইসলামের প্রতি মানুষের ভালবাসাকে কবুল করো,মানুষ যেন ভালোবেসে ইসলামকে ক্ষমতায় নিয়ে যায় সেই তৌফিক মানুষদেরকে দান করো আমিন।",2,2,2,1,2
আল্লাহ এবার সত্যের জয় দিবেন ইনশাআল্লাহ।,2,2,2,1,2
"জামায়াতের মতো সৎ আদর্শবান শিক্ষিত মার্জিত ভাষা ব্যাবহার কারী দল বাংলাদেশে আর আসবেনা, খুব শীঘ্রই বাংলাদেশের রাষ্ট্রক্ষমতায় আসবে জামায়াত।",2,2,2,1,2
ইনশাআল্লাহ আগামী বাংলাদেশ জামাত ইসলামী ক্ষমতায় আসবি দেশের জনগণ ন্যায় ও সুবিচার পাবে।,2,2,2,1,2
আগামীর দেশ হোক ইনসাফের,2,2,2,1,2
বাংলাদেশ সব দলে দেখেছি এবার দেখতে চাই মহান পবিত্র আল কুরআনের ন্যায়নীতির রাজনীতি ভবিষ্যৎ প্রজন্ম বাস্তবায়ন করবে ইনশাআল্লাহ,2,2,2,1,2
আগামীর বাংলাদেশ ইসলামের বাংলাদেশ,2,2,2,1,2
বাংলাদেশ একমাত্র জমায়াতে ইসলামীর হাতেই নিরাপদ।,2,2,2,1,2
আল্লাহর কাছে দোয়া করি খুব শীঘ্রই যেনো জামায়াত ক্ষমতায় আসে,2,2,2,1,2
দেশের বর্তমান রাজনৈতিক দলের চরিত্র থেকে আপনাদের নেতাকর্মীদের চরিএ অনেকটাই ভালো,2,2,2,1,2
"এই দেশকে বদলাবে বক্তৃতা নয়, আদর্শের আগুন! যে আদর্শের নাম জামায়াতে ইসলামী — ন্যায়ের পতাকা, বিশ্বাসের শক্তি, পরিবর্তনের প্রতীক!",2,2,2,1,2
বিএনপি-সহ একটি বিশাল চক্র জামায়াতে ইসলামীকে কোনঠাসা করতে মাঠে নেমেছে!,2,3,2,1,2
কিসের মুজিব কিসের জিয়া দেশ চলবে কুরআন দিয়া..!,3,3,2,1,2
জনগন চাচ্ছে আপনাদের মাধ্যমে পরিপূর্ণ শরিয়াহ দ্বারা খিলাফাহ রাষ্ট্র প্রতিষ্ঠা হোক ।,2,2,2,1,2
জামাত ইসলামের চেতনা আল্লাহর বিধান ক্ষমতায় আনা।,2,2,2,1,2
আল্লাহ বাংলাদেশ জামায়াতে ইসলামীর সকল সদস্য ও কর্মীদের দ্বীন কায়েমের সৈনিক হিসেবে কবুল করুন আমিন,2,2,2,1,2
"ইনশাআল্লাহ, পরিবারের সবাই জামাতকে ভোট দিবো।",2,2,2,1,2
জামায়াত সবসময় মানুষ গড়ার কারিগর,2,2,2,1,2
বাংলাদেশ জামায়াতে ইসলামী ও শিবিরের অনেক রক্ত যরেচে এই দেশে আর না আগামীতে জামায়াতে ইসলামীকে সরকারের আসনে দেখতে চাই,2,2,2,1,2
ইনসাফের মার্কা দাড়িপাল্লার মার্কা,2,2,2,1,2
আল্লাহর আইন যেখানে সীল মারবো সেখানে,2,2,2,1,2
আল কোরআনের আলো সংসদে জ্বালো,2,2,2,1,2
আওয়ামী লীগ জামাতকে নির্যাতন করতে করতে জনপ্রিয়তা বাড়িয়েছেন আর বিএনপি এনসিপি সমালোচনা করতে করতে সরকার গঠন করা পর্যন্ত নিয়ে যাবেন ইনশাআল্লাহ,3,3,3,1,2
দাঁড়িপাল্লা ভোট দিব,2,2,2,1,2
"এবার জনগণ চাঁ'দাবাজ স'ন্ত্রাসী ঠেকাতে জামায়েতকে ভোট দেবে, ইনশাআল্লাহ",2,2,2,1,2
তারুণ্যের প্রথম ভোট দাঁড়িপাল্লার পক্ষে হোক,2,2,2,1,2
জামাত ইসলাম কে বাংলাদেশ সরকার হিসেবে দেখতে চাই,2,2,2,1,2
"দাঁড়িপাল্লা দাঁড়িপাল্লা রহম কর হে আল্লাহ, দুর্নীতি আর চাঁদাবাজি চাইনা আমরা এ দেশে, আল্লাহ তুমি রহম করো মানুষকে ভালোবেসে ।",2,2,2,1,2
জামায়াত জাতির কান্ডারী,2,2,2,1,2
আল কুরআনের আইন চাই সৎ লোকের শাসন চাই,2,2,2,1,2
এই জাতিকে আলোর দিশা দেখাতে পারে একমাত্র বাংলাদেশ জামাতে ইসলামী,2,2,2,1,2
"দাড়িপাল্লা জামায়াত ইসলামী একমাত্র বাংলাদেশ কে সুন্দর ভাবে পরিচালনা করতে পারে, আর বাকি যত গূলো দল আছে সবাই দুরনিতি বাজ",3,3,3,1,3
জনগণের মার্কা দাঁড়িপাল্লা মার্কা,2,2,2,1,2
বাংলাদেশ জামাতে ইসলামী মিথ্যা কথা বলে না ওরা,2,2,2,1,2
দেশের সাধারণ মানুষের মনে ভালোবাসার এক নাম এখন বাংলাদেশ জামায়াতে ইসলাম,2,2,2,1,2
আলহামদুলিল্লাহ জামায়াত ইসলাম কে আল্লাহ এর জন্য ভালোবাসি,2,2,2,1,2
বাংলাদেশ জামাত ইসলাম সত্যবাদী দল,2,2,2,1,2
বাংলাদেশ জামায়াতে ইসলামী ছাত্রশিবির জিন্দাবাদ সবার জন্য দোয়া ও ভালোবাসা রইলো,2,2,2,1,2
"আল্লহ তায়ালার আইন চাই, সত লোকের শাসন চাই",2,2,2,1,2
জামাত ইসলাম মানেই একটা ব্র্যান্ড,2,2,2,1,2
এই দেশ ও জাতির মুক্তি একমাত্র ইসলাম প্রতিষ্ঠার মাধ্যমেই সম্ভব।,2,2,2,1,2
নিজের খাই নিজের পরি ভালো লাগে তাই দ্বীন কায়েমের জন্য শিবির করি,2,2,2,1,2
"ডা. শফিকুর রহমান মহোদয়ের এই অঙ্গীকার শুধু একটি বাক্য নয়, এটি এক ঈমানি শপথ — অন্যায়ের অন্ধকারে ন্যায়ের আলো জ্বালানোর প্রতিশ্রুতি।",2,2,2,1,2
আগামী দিনে জামায়াতে ইসলামীর বিজয় লাভ দেখবো ইনশাআল্লাহ,2,2,2,1,2
জামাত জিতবে,2,2,2,1,2
জনগণ জামায়াতকে ক্ষমতায় দেখতে চায়,2,2,2,1,2
জামায়াতে ইসলামীর মাধমেই এদেশে ইসলামী রাষ্ট্র ব্যবস্থা প্রতিষ্ঠিত হবে ইনশাআল্লাহ।,2,2,2,1,2
"নৌকা লাঙ্গল ধানের শীষ সবার নাটক দেখা শেষ, এবার জামায়াতে ইসলামীর বাংলাদেশ।",3,3,2,1,3
অবাধ সুষ্ঠু নিরপেক্ষ নির্বাচন হলে বাংলাদেশ জামায়াতে ইসলামী বিপুল ভোটে বিজয় অর্জন করবে ইনশা আল্লাহ।,2,2,2,1,2
নতুন প্রজন্মের প্রথম ভোট দাড়ি পাল্লা মার্কায় হোক।,2,2,2,1,2
জামাত করিনা তবে পছন্দ করি,2,2,2,1,2
"আমি একজন মুসলিম হিসেবে বলতে চাই — আমরা যেন এমন দল ও নেতৃত্বকে সমর্থন করি, যারা কোরআন ও সুন্নাহকে ভিত্তি করে দেশ পরিচালনা করতে চায়, জনগণের ন্যায্য অধিকার আদায়ের জন্য কাজ করে, এবং সমাজে ন্যায়, সততা ও শান্তি প্রতিষ্ঠা করে।",2,2,2,1,2
"বর্তমান সময়ে দেখা যাচ্ছে, ইসলামী দলগুলোর নেতৃবৃন্দ আলেম-ওলামা, শিক্ষিত ও নীতিবান মানুষ, জনগণের হক নষ্ট করে না, বরং ন্যায় ও ইনসাফ প্রতিষ্ঠার জন্য কাজ করে যাচ্ছে।",2,2,2,1,2
ইনশাআল্লাহ ইসলামের জয় হবেই,2,2,2,1,2
"জামায়াতে ইসলামীর কেন্দ্রীয়, জেলা ও উপজেলা কমিটি সৎ ও মানবিক।",2,2,2,1,2
"গ্রামের জামায়াত নেতৃত্ব নিজেদের চরিত্র উন্নত মানের স্তরে নিয়ে যাবে, এটাই প্রত্যাশা।",2,2,2,1,2
আমাদের উদারতা কে ওরা দূর্বল মনে করে ইনশাআল্লাহ দাড়িপাল্লায় ই বিজয়,2,2,2,1,2
কোরআনের আলো ঘরে ঘরে জ্বালো জামাত ইসলামের জিন্দাবাদ বাংলাদেশ জিন্দাবাদ,2,2,2,1,2
মাশাআল্লাহ আগামীর বাংলাদেশ ইসলামের বাংলাদেশ নারায়ে তাকবির আল্লাহু আকবার,2,2,2,1,2
মহান রাব্বুল আলামীন আমীরে জামায়াতকে বাংলাদেশের সর্বচ্চো আসনে অধিষ্ঠিত করুন।,2,2,2,1,2
একমাত্র জামাত ইসলামের মানুষগুলোই সৎ এবং নির্ভীক,2,2,2,1,2
যদি নিজের দেশের সন্তানদের ভালো চান জামায়াত ইসলামী দলগুলোকে ক্ষমতায় আনেন।,2,2,2,1,2
"জামায়াতের মতো সৎ আদর্শবান শিক্ষিত মার্জিত ভাষা ব্যাবহার কারী দল বাংলাদেশে আর আসবেনা, খুব শীঘ্রই বাংলাদেশের রাষ্ট্রক্ষমতায় আসবে জামায়াত।",2,2,2,1,2
"দাড়িপাল্লার” প্রতিটি পদক্ষেপ আজ ন্যায়, পরিবর্তন ও আশার প্রতীক হয়ে উঠছে।",2,2,2,1,2
বাংলাদেশ জামায়াতে ইসলামী একবার সুযোগ পেলে ৫৩ বছর পিছিয়ে থাকা বাংলাদেশকে ১০০ বছর এগিয়ে নিয়ে যাবে ইনশাআল্লাহ,2,2,2,1,2
আল্লাহর পথে পথপ্রদর্শন করুন কোন ব্যক্তি বা দলের স্বার্থে দ্বীনের ক্ষতি থেকে বিরত রাখুন।,2,2,2,1,2
"জামায়াতে ইসলামী একমাত্র দল, যাদের নিজেদের ভিতোর কোনো মারামারি খুন খারাবি নেই আলহামদুলিল্লাহ।",2,2,2,1,2
চাঁদাবাজ সন্ত্রাসীকে বিদায় করতে জামাত কে ভোট দিন ✌️,2,2,2,1,2
"জামাতের উচিত এসব সংকীর্ণ চিন্তাভাবনা বাদ দিয়ে, দলীয় স্বার্থ বাদ দিয়ে, দেশ ও জাতীয় স্বার্থ চিন্তা করা।",2,2,2,1,2
তরুণ প্রজন্ম জামাতকে ক্ষমতায় দেখতে চায়,2,2,2,1,2
ইনশাআল্লাহ জামাত ইসলাম ভালো দল,2,2,,1,2
জামায়াত ইসলাম কে জনগণ চায়,2,2,2,1,2
কাজ দিয়ে এগিয়ে যাবে সকলের কাছে জনপথের কাছে সকল ব্যক্তিত্বের কাছে বাংলাদেশ জামায়াতে ইসলামী,2,2,2,1,2
বাংলাদেশের একমাত্র ইসলামী দল জামায়াতে ইসলামী বাংলাদেশ.,2,2,2,1,2
ইনশাআল্লাহ ইসলামের বিজয় হবে,2,2,2,1,2
বাংলাদেশ জামায়াতে ইসলামী একটি আদর্শিক সংগঠন।,2,2,2,1,2
জামায়াতে ইসলামী সংগঠনের নেতা ও যোগ্য নেতৃত্ব প্রতিনিয়ত দেশ জাতির কল্যাণে কাজ করছে।,2,2,2,1,2
বাংলাদেশ জামায়াতে ইসলামী একটি আদর্শভিত্তিক সংগঠন যার উদ্দেশ্য সমাজের শান্তি ও ন্যায়বিচার প্রতিষ্ঠা।,2,2,2,1,2
জামায়াত সম্পর্কে বিভ্রান্তিকর সংবাদ পরিবেশন থেকে বিরত থাকবেন।,2,2,2,1,2
বাংলাদেশ জামায়াতে ইসলামী ক্রমাগত মানবতার কল্যাণে কাজ করে যাবে ইনশাআল্লাহ।,2,2,2,1,2
"সবাই জামায়াতে ইসলামী কে দাঁড়িপাল্লা ভোট দিয়ে ক্ষমতায় বসান, দেখবেন দেশে শান্তি আর শান্তি পাবেন ইনশাআল্লাহ",2,2,2,1,2
আদর্শের অপর নাম বাংলাদেশ জামায়াতে ইসলাম,2,2,2,1,2
জামায়াত একটি উদার মধ্যপন্থী ইসলামি ভাবধারার রাজনৈতিক দল।,2,2,2,1,2
"হাজার হাজার শিক্ষিত মেধাবী তরুণ,যুবক,মধ্যবয়সী পুরুষ মহিলা এ-ই সংগঠন এর প্রাণ, নিবেদিত কর্মী।",2,2,2,1,2
বাংলাদেশের প্রতিটি আনাচে-কানাচে প্রতিটি শহরে বন্দরে প্রত্যেকটি জায়গায় ন্যায় ও ইনসাফের প্রতীক দাড়িপাল্লার জয় ধ্বনি হোক,2,2,2,1,2
একমাত্র জামায়াত এর হাতে ক্ষমতা গেলে এই দেশ শান্ত থাকবে সবাই শান্তিতে থাকবে।,2,2,2,1,2
যতই দিন যাচ্ছে ততই জামাতে ইসলামের জনপ্রিয়তা বৃদ্ধি পাচ্ছে আলহামদুলিল্লাহ,2,2,2,1,2
জামায়াতের জনপ্রিয়তা বাড়তেছে,2,2,2,1,2
ইনশাল্লাহ ইসলামিক দলগুলো ঐক্য থাকলে দেশবাসী সঙ্গে থাকবে,2,2,2,1,2
আগামীর বাংলাদেশ আলেম ওলামায়ের বাংলাদেশ,2,2,2,1,2
ইসলামের হাত ধরেই মানুষের আশা-আকাঙ্ক্ষা পূর্ণ হবে ইনশাল্লাহ,2,2,2,1,2
ইসলামের প্রত্যেকটা আয়োজন দেখে আমি আনন্দিত প্রত্যেকটাই সফল,2,2,2,1,2
ইনশাআল্লাহ আল্লাহ রহমতে জনগণের ভোটাধিকারে ইসলামী বিপ্লবের বিজয় আসবে,2,2,2,1,2
ইনশাআল্লাহ ডা: শাফিকুর রহমান আগামীর প্রধানমন্ত্রী,2,2,2,1,2
দেশে বর্তমানে যে অবস্থা তাতে ইসলামের শাসন ছাড়া জাতির উপায় নেই।,2,2,2,1,2
"সততা, দক্ষতা ও দেশপ্রেমে গড়ে তোলে নতুন প্রজন্ম — বাংলাদেশ জামায়াতে ইসলামী ও ইসলামী ছাত্রশিবির।",2,2,2,1,2
"আলেমদের ঐক্য দেখে যালিমরা ভয়ে কাপঁছে, ইনশাআল্লাহ আগামীর বাংলাদেশ ইসলামের বাংলাদেশ।",2,2,2,1,2
"যতই দিন যাচ্ছে ততই ' জামায়াত - শিবিরের , প্রতি সাধারণ জনগণের ""শ্রদ্ধা, ভালোবাসা ও মহব্বত,, বৃদ্ধি পাচ্ছে।",2,2,2,1,2
ইনশাআল্লাহ দাড়িপাল্লাই হোক আগামীর বাংলাদেশ কোরআন এর বাংলাদেশ,2,2,2,1,2
সন্ত্রাসীদের বিরুদ্ধে বাংলাদেশে জামায়েত ইসলামীর এক একজন কর্মী এক একজন সেনাবাহিনীর ভূমিকা পালন করবে ইনশাআল্লাহ,2,2,2,1,2
বাংলাদেশ জামায়াতে ইসলামী ক্ষমতায় আসলে বাংলাদেশের মান মর্যাদা অন্যান্য দেশে বাড়বে ইনশাআল্লাহ,2,2,2,1,2
জামায়াত সবসময়ই সাম্প্রদায়িক উসকানি দিয়ে দেশের সামাজিক সম্প্রীতি নষ্ট করে জ ঙ্গি বাদী রাষ্ট্র বানাতে চায়।,2,2,2,3,2
"জামাত-শিবির জ""ঙ্গি,ইসলামের শত্রু ৷",2,2,2,3,2
জামাত-শিবিরের হাত থেকে বাংলাদেশ বাঁচাও ৷,2,2,2,3,2
"জামাত আর তামাক উভয়ই ক্ষতিকর, তামাক শরীর জন্য আর জামাত ধর্মের জন্য",2,2,2,3,2
ভন্ড মোনাফেক জামাত ,2,2,2,3,2
মুখে মধু অন্তরে বিষ এর নাম জামাত শিবির,2,2,2,3,2
রাজনীতিতে ইসলাম টানা বন্ধ করুন,2,2,2,3,2
জামাত ইসলাম কখনোই ইসলামিক দল না,2,2,2,3,2
"যে কোনো দলের নামের সামনে পিছনে ইসলাম লাগালেই, ইসলামী দল হয় না।",2,2,2,3,2
সকল অপকর্মের মুল হুতা জামায়াত,2,2,2,3,2
ধর্ম ব্যবসায়ী নেতা কবিরাজ শফিকুল রহমান,2,2,2,3,2
আমীরে জামাত আপনারা বিভ্রান্ত ও ইসলামের নামে রাজনীতি বন্ধ করুন।,2,2,2,3,2
ভন্ডামী আর মোনাফেকী বাদ দিলেই সমাজ ও রাষ্ট্র ভালোভাবে গঠন করা যাবে।,2,2,2,3,2
সুষ্ট ভোট হলে আমির সাব বিপুল ভোটে পরাজিত হবে,2,2,2,3,2
মোনাফেকের চেহারা জামায়াতে আমীরের,2,2,2,3,2
মসজিদে নামাজ পড়তে গিয়ে রাজনৈতিক কর্মকান্ড চালিয়ে সাধারণ জনগণের মধ্যে আতঙ্ক সৃষ্টি করছে এই জামাত শিবির তারা কখনো বাংলাদেশের ভালো চাইনি ,2,2,2,3,2
"নব্য স্বৈরাচার জামায়াত গোষ্ঠী—এরাই ইসলামের দুশমন, এরাই হচ্ছে সবচেয়ে বড় স্বৈরাচার।",2,2,2,3,2
ভন্ড জিন্দা অলি আইছে।,2,2,2,3,2
"জাসদী সফিক কয়দিন আগে বল্লো গীতার ভিত্তিতে ন্যায় বিচার প্রতিষ্ঠার কথা এখন বলছে কোরআন সুন্নার কথা, এটা কিরে ভাই !!? একোন মোনাফেকি",2,2,2,3,2
যে কেউ ক্ষমতায় আসুক সমস্যা নেই কিন্তু পাকিস্তানি এজেন্ট জামায়াত ইসলাম যেনো না আসে।,2,2,2,3,2
ইসলামি লেবাসের বিদায় জানাইছে জামাতিরা ক্ষমতার মোহে,2,2,2,3,2
দেখো ভাইয়া দেখো…মোনাফিকের হাট বাজার দেখো,2,2,2,3,2
"মওদুদী মোনাফেকরা, দেশে একটা অস্থিতিশীল পরিবেশ সৃষ্টি করে, দেশের মানুষকে একটা সংকটময় পরিবেশে নিয়ে যেতে চায়",2,2,2,3,2
একাত্তরের দালালরা এখন জামাতে ইসলাম,2,2,2,3,2
জামায়াতে ইসলামীর কথা ও কাজে মিল নেই,2,2,2,3,2
আগামীর বাংলাদেশ রোজা আর পূজা বিষ্ণু কৃষ্ণ মোহাম্মদ ঈসা মুসা মিলেমিশে একাকার এদের নাম বট বাহিনীর ইসলাম,2,2,2,3,2
এই দলের হেবি ওয়েট প্রার্থীরা নির্বাচনে গো হারা হারার ভয়ে পি আর কে ঢাল হিসাবে ব্যবহার করতে মরিয়া,2,2,2,3,2
আপনারার আইন হল পোজা করা আপনারা হলেন মোনাপেক,2,2,2,3,2
বাচাল আর মুনাফেকদের মিলনমেলা,2,2,2,3,2
জামায়াত একটা সুযোগ সন্ধানী শিয়াল,2,2,2,3,2
আল্লাহর নাম বলে বলে আল্লাহর সাথে ধোঁকাবাজি আর কত,2,2,2,3,2
"কোন কিছুই পরিস্কার বোঝা যায় না, কি ধোয়াসা, কি ইসলামী আইন, আল্লাহই জানে কি চান আপনারা।",2,2,2,3,2
৭১ এর গনহত্যা কারী দের রাজনীতি নিষিদ্ধ চাই।,2,2,2,3,2
"কোরআনের দোহাই দিয়ে, মানুষের ঈমান নিয়ে ছিনিমিনি খেলছে!",2,2,2,3,2
চাকরি খেকো দল জামায়াত।,2,2,2,3,2
মুনাফেকেরা কিভাবে মানুষের কললকল্যান করবে ?,2,2,2,3,2
আল কোরআন নামে আছে কাজে নাই তোমাদের।,2,2,2,3,2
"জামাত ইসলাম প্রকৃত ইসলাম নয়, এদের টা ব্যবসায়িক ইসলাম।",2,2,2,3,2
"তাদের দলের লোক রোজা পূজা কে সমান করে কথা বলে,,, ভোটের জন্য",2,2,2,3,2
তাদের দলের অনেক লোক ইসলাম অবমাননা হয় এমন কথা বলে ভোটের জন্য,2,2,2,3,2
"তাদের দলের কিছু মোল্লারা ইসলাম অবমাননার,, কথা শুনলেও প্রতিবাদ করেনা ভোটের জন্য",2,2,2,3,2
"এরা মানুষকে ইসলামের নাম দিয়ে ধোঁকা দিয়ে ক্ষমতায় আশা, এটাই তাদের মনের ইচ্ছা।",2,2,2,3,2
ভন্ডের দল জামাত।,2,2,2,3,2
আর কত ভন্ডামি ইসলামের লেভাস ধারী ভন্ড জামায়াত শিবির,2,2,2,3,2
ক্ষমতায় আসলে তো দেশটা জঙ্গিতে ভড়ায় দিবেন।,2,2,2,3,2
"৭১ থেকে জুলাই সনদ অবদি, জামাতের পল্টি থামছে না।",2,2,2,3,2
জামাত তো দেশের সাথে বেঈমানী করছে,2,2,2,3,2
পাকিস্তানের দালালেরা হুশিয়ার সাবধান,2,2,2,3,2
"জামাত ৭১ এর অপরাধী, হাসিনা ২৪ এর অপরাধী।",3,2,2,3,2
"শুধু আন্দোলন আর আন্দোলন,, জমায়েত মানে আন্দোলন বিএনপি মানে নিবাচন",2,3,2,3,2
ভণ্ড জামায়াত দেশে অরাজকতা সৃষ্টি করতে চাচ্ছে।,2,2,2,3,2
"রাজাকারেরা হাসতে হাসতে ক্ষমা চাচ্ছে,নির্বাচনকে সামনে রেখে ক্ষমা চাওয়ার নাটক.....কি লজ্জা",2,2,2,3,2
ইসকন ও ইসরায়েল ইস্যু তে ভণ্ড জামায়াত চুপ কেনো?,2,2,2,3,2
বাংলাদেশ জামাতে ইসলাম এটা একটা গাদ্দার সংগঠনের নাম।,2,2,2,3,2
এই দেশের ১৩ টা বাজাতে যা যা করা দরকার জামায়াত ইসলামী তাই করবে সাধারণ মানুষের ভোগান্তির শেষ কোথায়?,2,2,2,3,2
আপনারা শুধু ইসলাম টাকে ব্যবহার করছেন ক্ষমতায় যাওয়ার জন্য,2,2,2,3,2
ছোট বেলা থেকে জামাতি ভন্ডদের বাটপারি দেখেই বড় হইছি।,2,2,2,3,2
একটা সুন্দর দেশকে অস্থিতিশীল করতে জামাতের ভুমিকা অপরিসীম।,2,2,2,3,2
"নামধারী মুসলিম, হিন্দু, বোদ্ধা, ইহুদি, খ্রিষ্টান,ইসকন, এই সবগুলো মিক্সিং হলো জামাত।",2,2,2,3,2
"নীল নদের পানি নীল নয়, তেমনি জামাত ইসলাম ইসলামি দল নয়।",2,2,2,3,2
"শুধু নির্বাচন নয় বাংলাদেশের সকল সেক্টর, গুরুত্বপূর্ণ দপ্তর ও গুরুত্বপূর্ণ পদ থেকে এই মুনাফেকদের বিতাড়িত করতে হবে, এরা দেশের শত্রু এবং এরা ইসলামের শত্রু।।।",2,2,2,3,2
"ইসলামের নাম ভাঙিয়ে রাজনীতি, কিন্তু ইসলাম যখন আঘাতপ্রাপ্ত — তখন “নীরবতার রাজনীতি”!",2,2,2,3,2
ক্ষমতা এতো স্বাদ?! তাই বলে কি ক্ষমতার জন্য ঈমান-ইসলাম বিক্রি করে দিবেন?,2,2,2,3,2
১৯৭১ এর গনহত্যাকারী দল জামায়াত এর কোনো দাবি সরকার মেনে নেবেনা।,2,2,2,3,2
দলীয় স্বার্থে ইসলামকে ব্যবহার করেন।,2,2,2,3,2
বাংলাদেশের মাটিতে ইসলাম বিকৃত করে রাজনীতি চলবে না,2,2,2,3,2
ধর্মের নাম দিয়ে মানুষের আবেগে নিয়ে খেলা খুবই ভয়ংকর।,2,2,2,3,2
নাম ইসলামী দিয়ে অন্তরে দলীয় রাজনৈতিক বীজ বোপন একধরনের প্রতারণা।,2,2,2,3,2
দলীয় চিন্তাভাবনা নিয়ে ইসলামের দোহাই দিয়ে মানুষের আবেগকে কাজে লাগিয়ে রাজনীতি সমাজে আরো বিশৃঙ্খলা সৃষ্টি করবে।,2,2,2,3,2
"১৯৭১ এ দলীয় স্বার্থে পাকিস্তান রক্ষা, মানে ইসলাম রক্ষার দোহাই দিয়ে পাকিস্তানের সব জঘন্য কাজকে বৈধতা দিতে গিয়ে আলেম সমাজকে ৫৪ বছর কোনঠাসা করার দায় তো জামাতের।",2,2,2,3,2
মসজিদকে দলীয় অফিস না বানিয়ে নিজেদের দলীয় অফিস বানান পাড়ায় পাড়ায়।,2,2,2,3,2
মসজিদ কোন দলের না সকল মুসলমানের।,2,2,2,3,2
জামাত জাতীয় বেইমান,2,2,2,3,2
জামায়াত এখন কাউকেই সহ্য করতে পারছেনা।,2,2,2,3,2
জামায়াত সর্বদা ফিতনা এবং মোনাফেকীতে ব্যাস্ত।,2,2,2,3,2
জাতীয় মসজিদ রাজনীতি বন্ধ করেন,2,2,2,3,2
"মসজিদে দরজায় দাঁড়িয়ে যারা মিথ্যা প্রচার করে,তারা আর যাই হউক, ইসলামি দল হতে পারে না।",2,2,2,3,2
জঙ্গি সংগঠন,2,2,2,3,2
জামাত হলো ধরুন্ধরদের একটা দল।,2,2,2,3,2
"সব ভালো কিন্তু ভেজাল ভালো না, জামাত ভেজাল ইসলাম প্রচার করে।",2,2,2,3,2
জামাতে ইসলামী না দিয়া জামাতে ভন্ডামি দেন,2,2,2,3,2
গো-আযমদের উত্তরসূরীদের লজ্জা নাই।,2,2,2,3,2
১৯৭১ এ পরাজিত শক্তি নতুন করে উত্থান বাংলাদেশ,2,2,2,3,2
"জামাত জাতীয় বাটপারের দলে পরিনত হয়েছে, এতদিন লাপাইছে পিআর নিয়ে সেটার কাজ হয়নি এখন আনেছে গনভোট",2,2,2,3,2
পাকিস্তানী দল।,2,2,2,3,2
ধর্মব্যাবসায়ী,2,2,2,3,2
"যারা উপরে ইসলামের বয়ান দেয় কিন্তু নিজেই পরিপূর্ণ মানে না,তাদেরকে আল্লাহ কখনোই ক্ষমা করবে নাহ, তাই আগে অন্তর ঠিক করতে হবে।।",2,2,2,3,2
"মুনাফেকের প্লাটফর্ম থেকে আবার মানুষকে হেদায়েত দিচ্ছে ,,, আগে নিজেরা ঠিক হও",2,2,2,3,2
মন্দ কাজের চাইতেও আরো নিকৃষ্ট কাজ করো তোমরা জুমাইত্যারা পুজা মন্ডপে গিয়ে গীতা পাট করা,2,2,2,3,2
জামাত শিবির ৭১ এ অন্যায় করে এখন ক্ষমা চাই,2,2,2,3,2
যারা মানুষের ঈমান নিয়ে ছিনিমিনি খেলে আল্লাহ তাদের থেকে আমাদেরকে হেফাজত করুন,2,2,2,3,2
যারা রোজা আর পুজা কে মিশ্রিত করে হিন্দুর পুজায় উলু ধ্বনি দেয় এদের চেয়ে বড় মোনাফেক্ব আর শিরককারী নাই,2,2,2,3,2
জামাতের জন্মই পাপের মধ্যে,2,2,2,3,2
আল্লাহ তুমি আমাদের কে জামাতের ফেতনা থেকে রক্ষা করিও আমিন।,2,2,2,3,2
তোমার আমাদের পবিত্র ধর্মটাকে নিয়ে আর মিথ্যা রটাইয়ো না।,2,2,2,3,2
সাধারন মানুষ মৃত্যু উপস্থিত হলে তওবা করে আর জামাত নির্বাচন আসলে।,2,2,2,3,2
"নির্বাচনের আগে যারা একাত্তরের মুক্তিযুদ্ধের বিরুদ্ধে ছিল, তাদের বিচার হওয়া উচিত",2,2,2,3,2
বাংলাদেশের জনগণ কে বিভক্ত করার মিশনে নেমেছে জামায়াত।,2,2,2,3,2
জামায়াতের স্ট্যান্ড বাজী দল জন্মের পর থেকেই বিতর্কিত।,2,2,2,3,2
স্বাধীনতা বিরোধী অপশক্তি যতই চেষ্টা করুক ষড়যন্ত্র করে কোন লাভ হবে না।,2,2,2,3,2
জামাত মানেই দেশের শত্রু,2,2,2,3,2
জামাত হটাও ঈমান বাঁচাও৷,2,2,2,3,2
ভন্ড শিবির,2,2,2,3,2
জামাত কোন ইসলামিক সংগঠন না জামাত হচ্ছে একটা মুনাফেকের সংগঠন.,2,2,2,3,2
ইসলামি বাদ দিয়ে হিন্দু উপাদি লাগান তাহলে হিন্দুদের ভোট পাবেন।,2,2,2,3,2
এদেশের মানুষের দুর্ভাগ্য যে এদেশে জামাতের মত একটা ধান্দাবাজ রাজনৈতিক দল রয়েছে।,2,2,2,3,2
জামায়াত দ্বারা ইসলাম কায়েম হবে না।,2,2,2,3,2
৭১রে যারা বাংলাদেশের স্বাধীনতা বিরুধি ছিলো তাদের নিষিদ্ধ করা সময়ের দাবী,2,2,2,3,
জামায়াত ইসলাম ধংস কারী দল,2,2,2,3,2
একাত্তরের গণহত্যকারী দল,2,2,2,3,2
জামাত মানে ভন্ড আল বদর বাহিনী,2,2,2,3,2
গীতা পাঠের জন্য ব্রাহ্মণের প্রয়োজন নেই জামাত কর্মী যথেষ্ট,2,2,2,3,2
২ লাখ নারীর ইজ্জত হরণ ও ৩০ লাখ মানুষকে হত্যার দায়ে গণহত্যাকারী জামায়াতে ইসলামীকে নিষিদ্ধ করার গণভোট চাই।,2,2,2,3,2
১৯৭১ সালের মা-বোনদের ইজ্জতের হিসাবটা আগে দিয়ে তারপর গণভোট,2,2,2,3,
"নিন্দা তো আপনাদের প্রতি, কোরআন তালিমের নামে ভোটা চাওয়ার কাজ করান আপনাদের নারী নেত্রীদের দিয়ে।",2,2,2,3,2
কোরআন শিক্ষার নামে ভোট চাওয়া স্রেপ বাটপারি ছাড়া আর কিছু নয়,2,2,2,3,2
"বিগত বছরে এই কোরআন তালিম কোথায় গিয়েছিল, তালিমের নামে ভোট চাইতেছেন ভন্ডামি করতেছেন ইসলামের নামে",2,2,2,3,2
"ইসলামি দাওয়াতি কাজ চলছে না, ঐখানে ধর্মের নামে নির্বাচনী দাওয়াতি কাজ চলছে",2,2,2,3,2
"যারা এ দেশে স্বাধীনতা চায় নাই, পাক হানাদার বাহিনি গনহত্যায় সহযোগিতা করেছে তারা এদেশে রাজনীতি করতে পারবে কিনা? এটার গনভোট হওয়া দরকার।",2,2,2,3,2
"জামাত হলো সেই ইসলাম, যারা পূজা ও রোজা এক মনে করে",2,2,2,3,2
জামাতচুদি,2,2,2,4,2
রাজাকারের বাচ্চা,2,2,2,4,2
ওরে সিটার ওরে বাটপারের দল মুনাফিকের দল ,2,2,2,4,2
দাঁড়িওয়ালা বাটপার কাফের ফেরাউন মিথ্যাবাদী শয়তান,2,2,2,4,2
ঈবলীশ শয়তানের দোসর মুর্তি পুজারী কাফের মুশরিকের দল জামাত শিবির !,2,2,2,4,2
"করতেন তো জাসদ,,,,, আইছেন চো*দাতে জামায়াত",2,2,2,4,2
"সুশীল মারানী রা, তোদের,লেবাস খুলে,নাম থেকে ইসলাম শব্দ টা বাদ দে ।",2,2,2,4,2
মোনাফেকর বাচ্চা,2,2,2,4,2
মহান আল্লাহ বানাইছে ইসলাম এবং শয়তানে বানাইছে জামায়াত ইসলাম।,2,2,2,4,2
ধর্ষণকারী দল সব শালারা কুলাঙ্গার,2,2,2,4,2
"জামাইত্তের নানার বাড়ির আবদার,, আমরাও দেখে নিব সরকার কীভাবে গণভোট দেয়,, পাচা ভর্তি পায়খানা নিয়ে এতো কথা কেমনে বলে,,",2,2,2,4,2
"টিনের চালে কাউয়া, জামাত শিবির শাওয়া",2,2,2,4,2
মুখে হাদিস আর কামে ফুন্দাফুন্দি এই হচ্ছে জমাত ইছলাম ফুন্দাপুরী।,2,2,2,4,2
বড় বাটপার সাংঘাতিক বডমাইস তোমরা এই জন্যোই গত ৫৩ বছর ঘৃণারপাত্র হয়ে আছো,2,2,2,4,2
জামায়াতে শয়তানি বাংলাদেশ শাখা..,2,2,2,4,2
শুয়ারের বাচ্চারা মানুষ রুপে আসলে মনে হয় জামাত হয়।,2,2,2,4,2
বাংলাদেশে সর্বনিকৃষ্ট ধর্মব্যবসায়ী দল হলো এই গুমুত দলটা।,2,2,2,4,2
রাজাকারের বাচ্ছারা চাই ইউনুস কাকা তাদের ক্ষমতায় বসিয়ে দিক।,2,2,2,4,2
রাজাকারের বাচ্চা গুলো,2,2,2,4,2
আহারে আফসোস পাকিস্তানের প্রোডাক্ট শালা রাজাকারের বাচ্চা কয় কি,2,2,2,4,2
বাটপারের বাচ্চারা জামাত,2,2,2,4,2
ভন্ড প্রতারকের বাচ্চারাই হল জামাত,2,2,2,4,2
জামাত মানে বদমাইশ শয়তান বাটপার,2,2,2,4,2
দুই কালসাপের এক কল্লা নৌকা আর দাঁড়িপাল্লা,4,2,2,4,2
মোনাফেকের বাচ্চাদের সাথে কিসের মিটিং,2,2,2,4,2
৭১ এর শয়তান ধর্ষকদের পাহারাদাররা ৭১ এর ভয়ে জুলাই গাঞ্জা মদ খেয়ে পরে আছে,2,2,2,4,2
"জামাতের মুখ থেকে ""বাংলাদেশকে ভালবাসি"" শুনা আর চু*দাচু*দির রানি মিয়া খলিফার মুখ থেকে আমি ""ভার্জিন"" শুনা একই কথা",2,2,2,4,2
"ইবলিশ শয়তান ও কিন্তুু ফেরেশতা ছিলো আবাল জাতি ভুলে যেও না, জামাতকে দেখলেই সেই শয়তানের কথা বার বার মনে পরে।।",2,2,2,4,2
পাকিস্তানের বির্য থেকে উৎপন্ন দল জামাতে ইসলাম,2,2,2,4,2
মুনাফেকের বাচ্চার অন্য নাম জামাত শিবির,2,2,2,4,2
রাজাকারের চুদা*চুদি থেকে জন্ম নিসে জামাতি,2,2,2,4,2
৭১ এ যারা আমাদের মা বোনের ইজ্জত বিকিয়ে দিয়েছে সেই খান**কির বাচ্চাদের জাতি কখন মাফ করবে না,2,2,2,4,2
যারা ৭১এ এই দেশের স্বাধীনতা চায় নাই সেই সব মাদার*চুদ দের দেশ থেকে বের করা হোক,2,2,2,4,2
রাজাকারের বাচ্চা আল বদর আল শামস,2,2,2,4,2
জাতির পিতা বঙ্গবন্ধু না থাকলে এই রাজাকারের বাচ্ছারা এই দেশটাকে গিলে খাইতো,1,2,2,4,2
"জননেত্রী শেখ হাসিনা দেশের এতো উন্নতি করলো, যেটা ২ টা দলের সহ্য হল না, তারা হল এনসিপি আর জামাত যাদের জন্ম হইসে রাজাকারদের বির্য থেকে।।",1,2,4,4,2
"৭১ থেকেই বাইন*চুদ জামাত দেশ দ্রহি, এদের সাথে যোগ দেয়া এনসিপিও চু*দির ভাই",2,2,4,4,2
জামাতের মত বাইন%চুদদের ভোট দিলে দেশ পাকিস্তানের হাতে চলে যাবে,2,2,2,4,2
"নৌকাতে ভোট দিলে পেতনি হাসিনা ইন্ডিয়ার কাছে দেশ দিয়ে দিবে, দারিপাল্লায় ভোট দিলে মুনাফেকের বাচ্চারা দেশ পাকিস্তানের হাতে তুলে দিবে। জনগণ করবে টা কি।।।",4,2,2,4,2
"৪৭ এ পাকিস্তান বিরোধী, ৭১ এ দেশ বিরোধী, ২৫ এ নির্বাচন বিরোধী একই সাথে ওরা ইসলাম বিরোধী, জার*জ জামায়াত মূলত দেশ বিরোধী, যার জন্ম হইসে রাস্তায়।",2,2,2,4,2
জাউ*রা জামাত হাঁটাও পাকিস্তান পাঠাও,2,2,2,4,2
এই শয়তানেরা বাংলাদেশের ইসলামকে ধ্বংস করবে ধর্মব্যবসায়ীরা,2,2,2,4,2
রক্তের অণুটা পর্যন্ত লড়ব — ৭১-এর পরাজিত শক্তি পাকিস্তানের পা চাটা কুকুরদের ক্ষমতায় ফেরাবো না।,2,2,2,4,2
রাজাকারের বাচ্ছারা তোরা জিন্না বিজ।,2,2,2,4,2
শালার রাজাকার আলবদর বাহীনি জানো*য়ারের দল এই দেশে অরাজকতা করছে।,2,2,2,4,2
৭১ এর গণহত্যার দায়ে কুত্তার গু জামায়াত কি রাজনীতি করার অধিকার রাখে?,2,2,2,4,2
"এই হারামির বাচ্চা গুলা শুধু ইসলামি লেবাস টাই, পড়ে কাজের কাজ কিচ্ছুই নাই।।",2,2,2,4,2
"ধর্ম ব্যবসায়ী কুলাংগারের বাচ্ছারা,, বাংলাদেশের স্বাধীনতা বিরোধী",2,2,2,4,2
"৭১ এর ধর্ষকের বাচ্চারা তোরা এখন থেকেই টাকা আর জান্নাত এর টিকিট বিক্রি শুরু করসস, তরা নিজেরাই তো জাহান্নামি।।",2,2,2,4,2
"৫৪ বছর উপাস করসোস আরো ৫৪ বছর আঙুল চুশ, চু*ত মারানির দল, তোদের আশা জিবনো পুরন হবে না।।।",2,2,2,4,2
১৯৪৭ থেকে শুরু করে এই পর্যন্ত ভন্ডামি করে গেলেন ভালো হইলেন না। ভন্ডর বাচ্চারা।।,2,2,2,4,2
"তোদের অতীতের আমলনামা এ জাতি জানেই, বর্তমানের টা দেখতেছে। রাজাকারের বাচ্ছারা।",2,2,2,4,2
"যারা রাষ্ট্রই চায়নি, তারা এখন কৌশলে রাষ্ট্রের ক্ষমতা দখল করতে চাচ্ছে! ভাবা যায়!? শালা রাজাকারের বংশধর রাজাকারের বাচ্চা।।",2,2,2,4,2
ওরে বাটপারের বাচ্চা ভন্ড লেবাসধারী স্বাধীনতা বিরোধী ধর্মব্যবসায়ী,2,2,2,4,2
তোদের অতীতের আমলনামা দেখে আমরা ঘৃণা ভরে প্রত্যাখ্যান করলাম চু**দির দল।,2,2,2,4,2
"ইসলাম ধ্বংসকারী দল মানেই জামায়াত। পু*টকি তে এতো বাঁশ দেয়ার পরেও, এদের হো*গা ভর্তি গু",2,2,2,4,2
পা চাটা পাকিস্তানের দালালেরা হুশিয়ার সাবধান। কুত্তার চেয়েও অধম তোরা।,2,2,2,4,2
আলবদর কুকুর বাহিনী,2,2,2,4,2
দেশটাকে বিপদে ফেলার চক্রান্ত করছে বাংলাদেশ জামায়াতে প্রোপাগান্ডা পার্টি। রাস্তায় যাদের জন্ম হইসে।,2,2,2,4,2
৭১ এর পাকিস্তানের পা চাটা কুকুর বাহিনী জামায়াতে ইসলাম ৭২ জাহান্নামি দলের ১ দল।,2,2,2,4,2
জামাআত ৭১ এর মুক্তি যুদ্ধের বিরোধিতা কারী তা পরিস্কার...তাই তাদের হো*গায় কারেন্ট ভরে জুতা পিটা করে দেশ থেকে বের করা হোক,2,2,2,4,2
কি দিন আসলো মুক্তিযুদ্ধের ঘোর বিরুধীরা ধর্ষনকারি কুকুর বাহিনীও মুক্তিযাদ্ধা নিয়ে আলোচনা করে ।,2,2,2,4,2
"জামাত সারাজীবন স্বাধীনতা বিরোধী ছিল এবং আগামীতেও থাকবে, জামাত এখন চাচ্ছে দেশ থেকে সকল মুক্তিযোদ্ধার নাম মুছে ফেলতে স্বাধীনতা কে তারা অলরেডি অস্বীকার করেছে, যে জামাত সরাসরি স্বাধীনতার বিরোধিতা করছে সেই জামাত কিভাবে চায় দেশপ্রেমিক হতে এবং দেশের ক্ষমতা নিতে, লজ্জা হওয়া উচিত জামাতের। জামাতের নেতারা প্রত্যেকটা একেকটা মাদার*চোদ।।",2,2,2,4,2
"১৯৭১ সালের শত্রুদের, নারী ধর্ষণকারীদের ক্ষমা করা হবে না। বদমাশদের জুতা পিটা করে দেশ থেকে বের করা হবে",2,2,2,4,2
জামাত শালারা আবার শুরু করছে সেই পুরোনো খেলাধুলা।,2,2,2,4,2
"এতদিন কোথায় ছিলেন ভাই? ৭১ এ দেশ পাকিস্তানের হাতে তুলে দিতে চাইসেন, আর এখন চুত&মারানিরা আসছে দেশ বাঁচাতে 😂",2,2,2,4,2
মাদার*চুদ জামাতকে নিয়ে আমার কোনো আশাই নেই।,2,2,2,4,2
"মুখে এক কথা, কাজে আরেক জিনিস, খাটি মুনাফেকের বাচ্চা।।",2,2,2,4,2
হারাম&জাদারা আবার ধর্মের কার্ড খেলা শুরু হইছে।,2,2,2,4,2
নিমকহারামের বাচ্চারা জনগণ কিন্তু সব ভুলে যায়নি। ৭১এ তোদের রাজাকারের ভুমিকা কখনই ভুলবো না।।,2,2,2,4,2
জামাত হারামিদের এই নতুন সাজটা আমার পছন্দ হচ্ছে না।,2,2,2,4,2
ভন্ডর বাচ্চারা লোক দেখানো ধর্মের কথা বাদ দিয়ে কাজের কথা বল। এই কথাগুলো শুনতে শুনতে মানুষ ক্লান্ত।,2,2,2,4,2
"১৯৭১এর শয়তানদের পোস্টে দেশপ্রেম, বাস্তবে উল্টা।।",2,2,2,4,2
এই বিশ্বাসঘাতক বেইমানের জাতের দল নিয়ে মানুষের প্রশ্ন কিন্তু শেষ হয়নি।,2,2,2,4,2
নিমকহারামের গুষ্ঠি সবকিছুর উত্তর ধর্ম দিয়ে দেওয়া যায় না।,2,2,2,4,2
রাজনীতি এত সহজ বিষয় না ভাই। জামাতের গাধার বাচ্চাদের কথায় আগের সেই ৭১এর গন্ধই পাওয়া যায়।,2,2,2,4,2
"মুক্তিযুদ্ধের সময় তোরা আমাদের মা বোনদের ইজ্জত বিকিয়ে দিয়েছিলি, শয়!তান জা_রজ দল।",2,2,2,4,2
নতুন প্রজন্ম কিন্তু প্রশ্ন করতে জানে। শুধু মুখে মুখে ইসলামিক স্লোগান দিলে তো আর পরিবর্তন আসে না বুঝলা বাঙ্গির পুতেরা।।,2,2,2,4,2
"কথাগুলো সুন্দর, কিন্তু বিশ্বাস হচ্ছে না, শালা ভন্ড কাফেরের জাত, নিজেরা আগে পালন করে দেখা ইসলাম ব্যবসায়ির দল।।",2,2,2,4,2
ভাই আগে মানুষের আস্থা অর্জন কর। মুক্তিযুদ্ধের সময় তোদের যে অবদান তাতে ভোট তো দুরের কথা তোদেরকে পু*ন মারতেও কেউ আসবেনা।।,2,2,2,4,2
"জামাতের চ্যা""টের বালের রাজনীতি আমার কাছে এখনো গ্রহণযোগ্য না।",2,2,2,4,2
মুক্তিযুদ্ধের সময় মুক্তিযোদ্ধাদের মারতে সাহায্য করতো এই জারজ দল। সেই মুনাফেক রাজাকারদের বাচ্চাদের হঠাৎ এত চিন্তা দেশের জন্য!,2,2,2,4,2
"কোনটা আসল অবস্থান, সেটাই তো বুঝি না। আজকে এক কথা, কালকে দেখি আরেক কথা। শালার বেটারা মুনাফেকের বাচ্চা সব গুলা।",2,2,2,4,2
"ভাই, জনগণকে এত সরল ভাববেন না। ৭১ এ দেশের যে পু*টকি মেরেছেন জাতি এখনো সেটা ভুলে নাই।",2,2,2,4,2
অমানুষের জাত জামাত সুন্দর ছন্দ।।😂,2,2,2,4,2
"কুকুরের লেজ যেমন সোজা হয় না, জামাইত্তারাও এই জন্মে সোজা হবে না।",2,2,2,4,2
জামাত আমার হে*ডার দল।,2,2,2,4,2
শুধু মিছিল করলেই জনপ্রিয় হওয়া যায় নারে পাকিস্তানের পা চাটা হে*ডা বাহিনী।,2,2,2,4,2
রাজনীতিতে বাস্তব কাজের হিসাবও দিতে হয় বুঝলি রাজাকারের বাচ্ছারা।,2,2,2,4,2
মুনাফেকের দল গোলামের পুতেদের কথার সঙ্গে বাস্তবতার কোনো মিল নাই।,2,2,2,4,2
অমানুষের জাত জামাতের প্রতি আমার আস্থা তৈরি হয়নি এখনো।,2,2,2,4,2
আবার চুতমা*রানিদের শুরু হয়েছে ধর্ম নিয়ে আবেগের রাজনীতি।,2,2,2,4,2
"মানুষ এখন কথার চেয়ে কাজ দেখে বেশি, বুঝলি রাজাকারের জাত।",2,2,2,4,2
৭১ এর অনেক প্রশ্নের উত্তর এখনো বাকি। কুত্তা*বটবাহিনী জামাতের রাজনীতি নিয়ে আমি বেশ সন্দিহান।,2,2,2,4,2
বদমাশ আলবদর বাহিনী পুরোনো বিষয়গুলো এড়িয়ে গেলে হবে না।,2,2,2,4,2
হারাম*জাদাদের উচিত ১৯৭১ নিয়ে জনগণের সামনে পরিষ্কার ব্যাখ্যা দেয়া।,2,2,2,4,2
বদমাশের দল ইসলাম নিয়ে লোকদেখানো ভালো কথা বললেই মানুষ বিশ্বাস করবে না।,2,2,2,4,2
জামাতের শাউ*য়ামারা রাজনৈতিক অবস্থানটা মাঝে মাঝে বেশ কনফিউজিং লাগে।,2,2,2,4,2
এই ভন্ড মুনাফেক রাজাকারের বাচ্চাদের রাজনীতি আমার কাছে মোটেও আশাব্যঞ্জক না।,2,2,2,4,2
জামাত আমার চ্যা*টের বা&ল।,2,2,2,4,2
"২৪ এর ডাইনি হাসিনা যেভাবে দেশ ছাড়া করা হইসে, আমার মনে হয় ৭১ এর রাজাকারের বাচ্চাদের কেও দেশ ছাড়া করা উচিত",4,2,2,4,2
"পাকিস্তানের হে""ডা",2,2,2,4,2
১৯৭১ সালের দেশদ্রোহীরা এখন কিভাবে দেশপ্রেমিক হয়ে গেল? কুকুরের লেজ সোজা হয় না কখনো এটা জাতির মনে রাখা দরকার।,2,2,2,4,2
ধর্মের কথা বললেই কোনো রাজনৈতিক দল ভালো হয়ে যায় না।যদি এরা এতই ভাল হত তাহলে এই খান*কির পুতেরা ১৯৭১ এ রাজাকারের ভুমিকা পালন করতো না।।,2,2,2,4,2
জামাত যদি ইবলিশ শয়তান হয় তাহলে আওয়ামীলীগ সেই শয়তানের জমজ ভাই।।,4,2,2,4,2
"বদমাশের দলেরা নিজেরাই জানে না তারা কি, এক সময় রাজাকারের ভুমিকা পালন করে, আরেকবার দেশপ্রেমিক সাজার নাটক করে।",2,2,2,4,2
শুধু ধর্মীয় আবেগ দিয়ে দীর্ঘমেয়াদে রাজনীতি করা কঠিন বুঝলি শালারা,2,2,2,4,2
আওয়ামীলীগের জানোয়ার এখন আবালের দল জামাতের ঘাড়ের উপর বসছে।,4,2,2,4,2
ধর্মব্যাবসায়ী কুকুর বাহিনী,2,2,2,4,2
জামাতের জন্মই পাপের মধ্যে পাকিস্তানের বির্য থেকে।,2,2,2,4,2
স্বাধীনতা বিরোধী অপশক্তি বদমাশের দল যতই চেষ্টা করুক ক্ষমতায় আসতে পারবে না।।,2,2,2,4,2
এই বদমাশের দল জামায়াত দ্বারা ইসলাম কায়েম হবে না।,2,2,2,4,2
"আমাদের ভাগ্য খারাপ যে এদেশে জামাতের মত একটা দেশদ্রোহী পাকিস্তানের পা চাটা কু""ত্তা রাজনৈতিক দল রয়েছে।",2,2,2,4,2
একাত্তরের গণহত্যকারী দল এই জানোয়ারেরা।,2,2,2,4,2
দালালের বাচ্চা ভন্ড কবিরাজ শফিকুল রহমান,2,2,2,,2
"নামের সামনে পিছনে ইসলাম লাগালেই, ইসলামী দল হয় না। এটা আসলে হবে বাংলাদেশ জামাতে শয়তানী দল🫢🤣",2,2,2,4,2
পাকিস্তানি এজেন্ট শয়তানের আব্বা জামায়াত ইসলাম যেনো ক্ষমতায় না আসে।,2,2,2,4,2
একাত্তরের দালালের বাচ্চারা এখন জামাতে ইসলাম,2,2,2,4,2
"জ তে জামাত, জ তে জা*নোয়ার, জ তে জা'রজ🤣",2,2,2,4,2
"জামাত শুধু নামেই ইসলামি দল, এরা আসলে শয়তান এর দোসর, ভোট এর জন্য এরা পুজার মন্ডোপেও যায়।",2,2,2,4,2
বাংলাদেশের এক মাত্র বৈধ সরকার আওয়ামী লিগ,1,2,2,2,2
"ভাই এখানে রাম রাজত্ব হবে না,এখানে হবে শেখ রাজত্ব।",1,2,2,2,2
জয় বাংলা জয় বঙ্গবন্ধু,1,2,2,2,2
ফিরে আসতে হবে আপনাকে দেশের মাটিতেই সরকার হিসেবে দেখতে চাই।,1,2,2,2,2
শেখ হাসিনা সরকার বার বার দরকার,1,2,2,2,2
ইনশাআল্লাহ ফিরে আসবেন আপনি,1,2,2,2,2
আমি বাংলাদেশকে ভালোবাসি অমি শেখ হাসিনাকে ভালোবাসি,1,2,2,2,2
আমার মত কে কে শেখ হাসিনাকে প্রধানমন্ত্রী হিসেবে দেখতে চান।,1,2,2,2,2
জয় বাংলা জয় বঙ্গবন্ধু জয় শেখ হাসিনা,1,2,2,2,2
যুগ্য নেএী ওনি আামাদের পাশে আমরা চাই,1,2,2,2,2
"শেখ হাসিনা সরকার বাংলাদেশ বার বার দরকার,,, জয় বাংলা জয় বঙ্গবন্ধু",1,2,2,2,2
ইনশাআল্লাহ আসতেই হবে জয় বঙ্গবন্ধু জয় ম্যাডাম শেখ হাসিনা,1,2,2,2,2
বিজয় আবার আসবে ইনশাআল্লাহ,1,2,2,2,2
হাসিনাকে আবারও চাই,1,2,2,2,2
শেখ হাসিনা কে বাংলাদেশের প্রধানমন্ত্রী চাই,1,2,2,2,2
আপনাকেই দরকার শেখ হাসিনা,1,2,2,2,2
রাইট আবার আসবে ইনশাল্লাহ,1,2,2,2,2
সাবাস জয় বাংলার নেত্রী।,1,2,2,2,2
জয় বাংলা,1,2,2,2,2
মাননীয় প্রধানমন্ত্রী দেশরত্ন শেখ হাসিনার সরকার বার বার বার দরকার জয় বাংলা,1,2,2,2,2
ইনশাআল্লাহ বাংলাদেশের জনগণ বুঝবে একদিন শেখ হাসিনাকে প্রয়োজন,1,2,2,2,2
শেখ হাসিনা আপনাকে আমরা আবারও চাই,1,2,2,2,2
আলহামদুলিল্লাহ!! প্রিয় নেত্রীকে দেখেই মনটা ভালো হয়ে গেলো💜,1,2,2,2,2
আপনাকে দেশের জন্য আবার দরকার,1,2,2,2,2
শেক হাসিনা জয় হবে ইনশাআল্লাহ,1,2,2,2,2
আওয়ামী লীগ জেগে উঠতে হবে আবার আসবে শেখ হাসিনা সরকার দেশে,1,2,2,2,2
শেখ হাসিনাই হতো বাংলাদেশের ইতিহাসের সেরা প্রধানমন্ত্রী,1,2,2,2,2
যে বঙ্গবন্ধু কে ভালবাসে আমি তাকে ভালবাসি।,1,2,2,2,2
ঠিক এই অবৈধ সরকার আমরা মানি না জয় বাংলা জয় বঙ্গবন্ধু,1,2,2,2,2
আওয়ামী লীগ আসবে বাংলাদেশে হাসবে ইনশাল্লাহ,1,2,2,2,2
বাংলাদেশ আঃলীগ দেশের বেশির ভাগ মানুষ এখনো সমর্থন করেন,1,2,2,2,2
মোদের সবুজ মেরুন প্রাণ-মোদের এক সুরে স্লোগান। মোদের দল বেধে চলা পায়ের শব্দে কাপে এই ময়দান। জয় বাংলা,1,2,2,2,2
দূর সময়ে সাহসি মজিব সৈনিকদের প্রতি রহিল রক্তিম মজিবীয় শুভেচ্ছা।,1,2,2,2,2
আওয়ামী লীগ ৩০ লক্ষ শহীদের গঠন করা সংগঠন।,1,2,2,2,2
আওয়ামী লীগকে রুখে দেওয়া এত সহজ নয়,1,2,2,2,2
আওয়ামী লীগ গরিব-দুঃখী অসহায় মানুষদের জন্য বারবার ফিরে আসে আর এই গরীব দুঃখী মানুষেরাই এই সংগঠনকে তার সবটুকু দিয়ে ভালবেসে আগলে রাখবে ইনশাল্লাহ।,1,2,2,2,2
"আওয়ামী লীগ এটাই ইতিহাস হয়ে থাকবে সারাজীবন ধরে, জয় বাংলা জয় বঙ্গবন্ধু",1,2,2,2,2
মাননীয় প্রধানমন্ত্রী শেখ হাসিনা দেশে ফিরে আসার আগ পর্যন্ত আন্দোলন অব্যাহত থাকবে জয় বাংলা জয় বঙ্গবন্ধু,1,2,2,2,2
আমাদের প্রানের সংগঠন বাংলাদেশ আওয়ামী লীগ,1,2,2,2,2
১৭ বছরে যতবার জয় বাংলা না কইছি ৫ আগষ্টের পরে তার চেয়ে হাজার গুন বেশি কইছি।,1,2,2,2,2
আমি দেশরত্ন শেখ হাসিনার লোক। এইটা আমার গর্ব।,1,2,2,2,2
"আশাকরি, আওয়ামী লীগ তাদের বঙ্গবন্ধুর আদর্শের নিঃস্বার্খ সর্মথকদের আগামীতে মনে রাখবে",1,2,2,2,2
বাংলাদেশ আওয়ামী লীগ এই আদর্শ এতটাই শক্তিশালী যে একে কেউ মুছে ফেলতে বা ধ্বংস করতে পারবে না এটি যুগ যুগ ধরে মানুষের মনে টিকে থাকবে ইনশাআল্লাহ।,1,2,2,2,2
এ দেশের মাটি ও মানুষের মুক্তি এবং অধিকার আদায়ের এক অবিনাশী নাম - বাংলাদেশ আওয়ামী লীগ,1,2,2,2,2
"বাংলার অবহেলিত কৃষক, মেহনতি শ্রমিক আর সাধারণ মানুষের হৃদস্পন্দন বাংলাদেশ আওয়ামী লীগ",1,2,2,2,2
জয় বাংলা জয় বঙ্গবন্ধু শেখ হাসিনা আছবে বাংলাদেশ হাসবে ইনশাআল্লাহ,1,2,2,2,2
আমরা আমৃত্যু জয় বাংলার লোক,1,2,2,2,2
আমিও‌ আওয়ামী লীগের একজন গর্বিত সমর্থক।,1,2,2,2,2
যারা প্রকৃত আওয়ামীলীগ তারাই এভাবে বলতে পারে আমরা আওয়ামীলীগ,1,2,2,2,2
জয় বাংলা বলতে কলিজা লাগে,1,2,2,2,2
"আওয়ামী লীগ মানেই-- বাংলাদেশ। দাবায় রাখতে পারবা না...।জয় বাংলা, জয় বঙ্গবন্ধু, জয় শেখ হাসিনা...",1,2,2,2,2
আমরা বঙ্গবন্ধুর আদর্শের বিশ্বাসী,1,2,2,2,2
আমার পরিবারে সবাই মুজিবের সৈনিক,1,2,2,2,2
সময়ের সাহসী সন্তানেরাই আওয়ামী লীগ করে,1,2,2,2,2
সর্বকালের সর্বশ্রেষ্ঠ বাঙালি শেখ মুজিব ও সফল প্রধানমন্ত্রী শেখ হাসিনা,1,2,2,2,2
শেখ হাসিনা আসবে কৃষকরা হাসবে ইনশাআল্লাহ,1,2,2,2,2
এই মুহুর্তে দরকার শেখ হাসিনা,1,2,2,2,2
"আপনি যাকে বলেন ফ্যাসিস্ট, আসলে তিনিই ছিলেন দেশ গড়ার আর্টিস্ট।দেশরত্ন শেখ হাসিনা 💝💘",1,2,2,2,2
জয় বাংলা জয় বঙ্গবন্ধু শেখ হাসিনার সরকার বারবার দরকার উন্নয়নের সরকার বারবার দরকার জয় বাংলা,1,2,2,2,2
সর্বকালের সর্বশ্রেষ্ঠ বাঙালি শেখ মুজিব ,1,2,2,2,2
শেখ পরিবার না থাকলে বাংলাদেশের জন্মই হতো না।,1,2,2,2,2
শেখ মুজিব না থাকলে আমরা এখনো পাকিস্তানের কাছেই বন্দি থাকতাম।,1,2,2,2,2
সর্বকালের সেরা প্রধানমন্ত্রী শেখ হাসিনা.,1,2,2,2,2
শেখ হাসিনার মতো এত উন্নতি আর কোনো সরকার করেনি.,1,2,2,2,2
বঙ্গবন্ধু শেখ মুজিবুর রহমান না থাকলে বাংলাদেশ আজ হতই না।,1,2,2,2,2
শেখ হাসিনার মতো প্রধানমন্ত্রীর কারণেই আজ বাংলাদেশের এত উন্নতি।,1,2,2,2,2
শেখ হাসিনা বাংলাদেশকে ডিজিটাল বাংলাদেশ করে গেছে।,1,2,2,2,2
শেখ হাসিনা এবং বঙ্গবন্ধু দুজনে বাংলাদেশকে সুন্দরভাবে গড়ে তুলেছে।,1,2,2,2,2
বঙ্গবন্ধুর অবদান এ জাতি কখনো ভুলবে না.,1,2,2,2,2
শেখ হাসিনা ছাড়া দেশের এত উন্নতির কখনোই সম্ভব ছিল না।,1,2,2,2,2
উনিশশো একাত্তর সালে বঙ্গবন্ধুর ডাকে বাঙালিরা সাড়া দিয়ে মুক্তিযুদ্ধে ঝাঁপিয়ে পড়ে এবং আমরা পাকিস্তানের হাত থেকে স্বাধীনতা লাভ করি।,1,2,2,2,2
শেখ মুজিব ছাড়া বাঙালির জাতির স্বাধীনতা অসম্ভব ছিল।,1,2,2,2,2
শেখ হাসিনার হাতে দেশ থাকলে এতদিনে দেশ ইউরোপের মতো উন্নত দেশ হয়ে যেত.,1,2,2,2,2
"শেখ হাসিনার ঋণ আমরা কখনোই শোধ করতে পারব না। শেখ হাসিনা দেশের যত উন্নয়ন করেছেন, সেগুলো অস্বীকার করার মতো নয়।",1,2,2,2,2
সেখ হাসিলার মতো এত উন্নয়ন আর কোনো সরকারের করা কখনোই সম্ভব না।,1,2,2,2,2
"আমরা শেখ পরিবারের কাছে চিরঋণী, চিরকৃতজ্ঞ।",1,2,2,2,2
বঙ্গবন্ধুই জাতির জনক.,1,2,2,2,2
"দেশ রত্ন শেখ হাসিনাই জাতি তৈরির কারিগর, জাতির উন্নতির কারিগর, দেশের উন্নয়নের কারিগর.",1,2,2,2,2
"আমার মতে, দেশের বেশিরভাগ মানুষ এখনো শেখ হাসিনাকে আওয়ামী লীগকে সরকার হিসেবে দেখতে চায়।",1,2,2,2,2
"শেখ হাসিনা সরকার দেশের বিদ্যুৎ সমস্যা সমাধান করেছিল, যা এই বিএনপি সরকার কোনোভাবেই পারছে না।",1,3,2,2,2
"শেখ হাসিনা দেশের অলিতে গলিতে, গ্রাম অঞ্চলে কারেন্ট পৌঁছে দিয়েছিল।",1,2,2,2,2
শেখ হাসিনা দেশের গ্যাসের সমস্যা দূর করেছিল।,1,2,2,2,2
আওয়ামী লীগ দল এই দেশের সর্বকালের শ্রেষ্ঠ দল।,1,2,2,2,2
আওয়ামী লীগ ১৯৭১ সালের মুক্তিযুদ্ধের মাধ্যমেই গড়ে ওঠা একটি দল।,1,2,2,2,2
যারা দেশপ্রেমিক তারাই একমাত্র আওয়ামী লীগ সাপোর্ট করবে.,1,2,2,2,2
"যারা দেশকে ভালোবাসে, বঙ্গবন্ধুকে ভালোবাসে, তারাই একমাত্র হাসিনাকে আবার সরকার হিসেবে দেখতে চায়.",1,2,2,2,2
বাংলাদেশ আওয়ামী লীগ প্রকৃত দেশপ্রেমী রাজনৈতিক দল।,1,2,2,2,2
আওয়ামী লীগকে সহজে হারিয়ে দেওয়া সম্ভব নয়.,1,2,2,2,2
বঙ্গবন্ধু ছিল বলেই বাংলাদেশ পৃথিবীর মানচিত্রে স্থান পেয়েছে।,1,2,2,2,2
"বঙ্গবন্ধুর ডাকেই আমরা পাকিস্তানকে হারাতে পেরেছি, স্বাধীন বাংলা উপহার পেয়েছি।",1,2,2,2,2
"বঙ্গবন্ধুই জাতির পিতা, আর এটাই সত্যি.",1,2,2,2,2
"প্রকৃত দেশপ্রেমিক হতে হলে বঙ্গবন্ধুকে ভালোবাসতে হবে, দেশের রত্ন শেখ হাসিনাকে ভালোবাসতে হবে, আওয়ামী লীগকে ভালোবাসতে হবে। কারণ, তারা ছাড়া বাঙালি কখনো স্বাধীনতা পেত না, বাংলাদেশ কখনো এত উন্নত হতো না, বাংলাদেশ কখনো পৃথিবীর বুকে মাথা উঁচু করে দাঁড়াতে পারত না।",1,2,2,2,2
"জাতির পিতা, জাতির জনক শেখ মুজিবকে ভালোবাসে, আমি আমার দেশকে ভালোবাসি। জয় বাংলা, জয় শেখ হাসিনা, জয় বঙ্গবন্ধু।",1,2,2,2,2
বাংলাদেশকে উন্নতির শিখরে নিয়ে যেতে হলে শেখ হাসিনাকে আবারও সরকার হিসেবে আনতে হবে।,1,2,2,2,2
বঙ্গবন্ধুর ডাকে সাড়া দিয়েই বাঙালিরা মুক্তিযুদ্ধে ঝাঁপিয়ে পড়ে এবং দেশকে রাজাকারদের হাত থেকে এবং পাকিস্তানের হাত থেকে রক্ষা করে।,1,2,2,3,2
আমার বিশ্বাস দেশে এখনও আওয়ামী লীগের সমর্থকই বেশি।,1,2,2,2,2
আওয়ামী লীগ নির্বাচনে দাঁড়ালে বিপুল ভোটে জয়ী হবে।,1,2,2,2,2
"দেশের ৯০ শতাংশ মানুষ এখনো আওয়ামী লীগকেই ভালোবাসে, শেখ হাসিনাকেই সরকার হিসেবে চায়।",1,2,2,2,2
"দেশের উন্নয়নের জন্য শেখ হাসিনা সরকারের কোনো বিকল্প নেই। জয় বাংলা, জয় বঙ্গবন্ধু।",1,2,2,2,2
আওয়ামী লীগ সরকারের আমলে দেশে গ্যাসের কোনো সমস্যাই ছিল না। কিন্তু এখন বিএনপি সরকার দেশে ভয়াবহ গ্যাসের সংকট তৈরি করেছে। দেশ একেবারে অচল করে দিয়েছে।,1,3,2,2,2
বিনম্র শ্রদ্ধা। জয় বাংলা জয় বঙ্গবন্ধু,1,2,2,2,2
একজন শেখ হাসিনার অভাব বাংলাদেশের মানুষ হারে হারে টের পাচ্ছে 🤍,1,2,2,2,2
আওয়ামী লীগ অতীতের যেকোনো সময়ের চেয়ে বেশি মানুষের সমর্থন এবং ভালোবাসা নিয়ে ফিরবে ইনশাআল্লাহ্....জয় বাংলা জয় বঙ্গবন্ধু ,1,2,2,2,2
বঙ্গবন্ধু শিখিয়ে গেছে লড়াই করে বাঁচতে হবে,1,2,2,2,2
ঈনশা আল্লাহ সত্যের জয় হবে।জননেত্রী শেখ হাসিনার নেত্রীত্তে বাংলাদেশ আওয়ামী লীগ আবার বাংলাদেশের ক্ষমতায় আসীন হবেন।,1,2,2,2,2
মানুষের হৃদয়ে লুকিয়ে থাকার নাম আওয়ামী লীগ,1,2,2,2,2
জয় বাংলা জয় বঙ্গবন্ধু জননেত্রী শেখ হাসিনা কে বাংলাদেশের সাধারণ থেকে সকল শ্রেণীর মানুষ তাকে ভালবাসে সে ফিরে আসবে ইনশাআল্লাহ,1,2,2,2,2
"শেখ হাসিনার শাসনামলে, জনগণ যেমন শান্তিতে ছিল তেমনি নিরাপদে ছিল।শেখ হাসিনা মেহনতী মানুষের সরকার,গরিব দুঃখী মানুষের সরকার।তাই উন্নয়নের ধারাবাহিকতা বজায় রাখতে শেখ হাসিনার বিকল্প নেই।",1,2,2,2,2
বাংলাদেশ আওয়ামীলীগ গরীব দুঃখী মেহনতি মানুষের সংগঠন।,1,2,2,2,2
আওয়ামী লীগ প্রত্যেক মানুষের অন্তরে অন্তরে জায়গা করে নিয়েছে তাই আওয়ামী লীগ ছাড়া আর কোন উপায় নাই আমাদের দেশে দরকার শেখ হাসিনার সরকার,1,2,2,2,2
আওয়ামীলীগ হলো দেশ স্বাধীন কারী একটি দল। ঐ দলের বর্তমান 50% উপরে জনপ্রিয়তা।,1,2,2,2,2
ওরা আমাদের দাবায়ে রাখতে পারবে না...।।,1,2,2,2,2
মুজিব থেকে সজীব প্রজন্ম থেকে প্রজন্ম,1,2,2,2,2
সকল ষড়যন্ত্রের জাল ছিন্ন করে অবশ্যই আধার কেটে আলো আসবেই শেখ হাসিনা হাসবে ইনশাআল্লাহ,1,2,2,2,2
আওয়ামীলীগ প্রত্যেকটি মানুষের হৃদয়ে,1,2,2,2,2
আওয়ামী লীগ সাধারণ মানুষের দল এটাকে নিষিদ্ধ বলে অবৈধ বলেন সব ইউনুসের পাতানো নাটক,1,2,2,2,2
হাসিনা খারাপ কোন কথা বলে নাই৷,1,2,2,2,2
জয় বাংলা জয় বঙ্গবন্ধু বলে এগিয়ে চলো আমরা আছি দেশ রক্ষার্থে,1,2,2,2,2
ইনশাআল্লাহ মৃত্যুকে ভয় করি নাহ্।জয় বাংলা জয় বঙ্গবন্ধু,1,2,2,2,2
"চুপ থাকার দিন শেষ আবার সাজাবো সোনার বাংলাদেশ, আমাদের দাবায়ে রাখতে পারবে না...।।",1,2,2,2,2
ছাত্র লীগ আওয়ামী লীগের যোগ্য উত্তরসূরী ।,1,2,2,2,2
ছাত্রলীগের উচিত বঙ্গবন্ধুর আদর্শে চলা ।,1,2,2,2,2
আমার প্রাণের প্রিয় ছাত্রলীগ বঙ্গবন্ধুর আদর্শে দেশকে বিনির্মাণ করবে এটাই চাওয়া ।,1,2,2,2,2
ছাত্রলীগ তাদের নেত্রী শেখ হাসিনাকে বাঁচানোর জন্য আপ্রাণ চেষ্টা করেছে ।,1,2,2,2,2
ছাত্রলীগ একটি দেশপ্রেমী সংগঠন ।,1,2,2,2,2
ছাত্রলীগের উচিত নিজেদেরকে বঙ্গবন্ধুর আদর্শে গড়ে তোলা ।,1,2,2,2,2
মুখে না বললেও বেশিরভাগ মানুষই আওয়ামী লীগের সাপোর্টার ।,1,2,2,2,2
আওয়ামী লীগকে কেউ দাবায়ে রাখতে পারবে না ।,1,2,2,2,2
আওয়ামী লীগের সাথে ছাত্রলীগও দেশের জন্য কাঁধে কাঁধ মিলিয়ে কাজ করে চলেছে ।,1,2,2,2,2
এই দলটি না থাকলে দেশের এত উন্নয়ন কখনোই সম্ভব ছিল না ।,1,2,2,2,2
আওয়ামী লীগের আমলে কারেন্ট থাকত ।,1,2,2,2,2
দেশের যত উন্নত রাস্তাঘাট ওভার ব্রিজ সবই আমাদের নেত্রীর অবদান ।,1,2,2,2,2
দেশের উন্নয়নের জন্য আওয়ামী লীগকে সবার সাপোর্ট করা উচিত ।,1,2,2,2,2
"বঙ্গবন্ধু টানেল, ওভারব্রিজ, পদ্মা সেতু—সবই শেখ হাসিনার অবদান।",1,2,2,2,2
হাসিনা ছাড়া দেশের এত এত উন্নয়ন কখনোই মানুষ কল্পনাতেও করতে পারবে না ।,1,2,2,2,2
বাংলাদেশের শিক্ষিত একজন প্রধানমন্ত্রী হল শেখ হাসিনা ।,1,2,2,2,2
"এই শেখ হাসিনাই নারীশক্তির উন্নয়ন ঘটিয়েছেন, নারীদের শিক্ষার হার বাড়িয়েছেন।",1,2,2,2,2
"বঙ্গবন্ধুই বাঙালিকে বীরের জাতি বানিয়েছেন। সাহসী বানিয়েছেন, শত্রুর বিরুদ্ধে লড়তে সাহস জুগিয়েছেন।",1,2,2,2,2
বঙ্গবন্ধু না থাকলে আমরাও থাকতাম না ।,1,2,2,2,2
আমাদের নেত্রী আমাদের জাতির পিতার যোগ্য উত্তরসূরী ।,1,2,2,2,2
আওয়ামী লীগের আমলে সবসময়ই কারেন্ট থাকতো । আর বিএনপির আমলে কারেন্ট থাকেই না । গ্যাসও থাকে না । দেশের বারোটা বাজতেছে ।,1,3,2,2,2
"শেখ হাসিনাই দেশের উন্নতির মূল কাণ্ডারি। এনসিপি চায় না দেশের উন্নতি হোক, তাই তারা আওয়ামী লীগের বিরোধিতা করতেই সর্বদা ব্যস্ত থাকে।",1,2,3,2,2
আমাদের মুক্তিযুদ্ধের স্বাধীনতার মূল দলই হল আওয়ামী লীগ । জামাত কখনোই চায় না আমরা স্বাধীন হই । তাই সবসময়ই তারা আওয়ামী লীগের বিরোধিতা করে ।,1,2,2,3,2
হাসিনা দেশের একের পর এক উন্নতি ঘটিয়ে চলেছিল । এনসিপি আর জামাত দেশের এত উন্নয়ন সহ্য করতে পারেনি । তাই তারা হাসিনার ক্ষতি করতে সর্বদাই প্রস্তুত ছিল ।,1,2,3,3,2
"এনসিপি হল নতুন রাজাকার, জামাত হলো পুরান রাজাকার । আর আমাদের নেত্রী হাসিনা হল প্রকৃত দেশপ্রেমিক । আমাদের বঙ্গবন্ধু হল প্রকৃত আদর্শ । জয় বাংলা, জয় বঙ্গবন্ধু ।",1,2,3,3,2
সনাতনীরা বেশিরভাগই হাসিনার দলের সমর্থক।,1,2,2,2,2
সনাতনীদের কাছ থেকে হাসিনা সর্বদাই পূর্ণ সমর্থন পেতেন।,1,2,2,2,2
আওয়ামী লীগ সরকার সনাতনীদের ১০০% নিরাপত্তা দিতে সক্ষম।,1,2,2,2,2
আওয়ামী লীগের আমলে সনাতনীরা সবচেয়ে বেশি নিরাপদ ছিল।,1,2,2,2,2
আওয়ামী লীগ নির্বাচনে দাঁড়ালে সনাতনীদের সব ভোট তারাই পাবে।,1,2,2,2,2
মূর্তির প্রতি আওয়ামী লীগের এতো দরদ প্রমান করে দেবদাস চক্রবর্তী কথা,3,2,2,2,2
‎লীগের কাজই হলো জাতীয় ভেজাল তৈরি ✋,3,2,2,2,2
এখন দেখি বাংলাদেশে ছাত্রলীগের কোনো জায়গা নেই,3,2,2,2,2
ক্ষমতা পেয়ে ভাবছিলো পুরা দেশটাই ওর মার,3,2,2,2,2
এই সন্তাসী সংগঠন আজীবনের জন্য নিষিদ্ধ হউক।,3,2,2,2,2
5 মিনিটে ফু দিয়ে সরিয়ে দিতে গিয়ে নিজেরাই উড়ে গেছে,3,2,2,2,2
এই সন্ত্রাসীদের নিষিদ্ধ করা হোক এদের রাজনীতি করার কোন অধিকার নেই আমার ভাই বোনদের নৃশংসভাবে হত্যা কর..,3,2,2,2,2
এখন কোথায় আছত ইঁদুরের গর্তে ঢুকে পরছত নাকি।,3,2,2,2,2
ফু দেওয়ার জন্য বাতাস ভরতে পাশের দেশ ভারতে লুকিয়ে লুকিয়ে গেছে,3,2,2,2,2
"আন্দোলন যাবে,আন্দোলন আসবে, কিন্তু সাদ্দাম আদু আর আসবে না",3,2,2,2,2
বগা লীগ কই গেলো? ছেরাদাম কই গেলো?,3,2,2,2,2
এরা ছাত্রলীগ না সন্ত্রাস লীগ।,3,2,2,2,2
"সাদ্দাম চোরা একটা কথা শোন কোন সুস্থ্য মানুষ আওয়ামী-লীগ বা ছাত্র লীগ, যুবলীগ করেনা মাথায় গুড়ি পোক...",3,2,2,2,2
সাদ্দাম কই ওর বিচার হওয়া দড়কার।,3,2,2,2,2
বোরকা পরে পালিয়েছে,3,2,2,2,2
পালায়ছে রে পালায়ছে,3,2,2,2,2
অনেক ফু দিছো। এবার ফু দেওয়া পালা আমাদের,3,2,2,2,2
স্বৈরাচারের তোষামোদকারী এসব পাতি নেতার গণধোলাই হবে,3,2,2,2,2
সন্ত্রাসী লীগের আস্তানা ভেঙ্গে দাও গুড়িয়ে দাও।,3,2,2,2,2
সাদ্দামকেই ফু দিয়ে উড়িয়ে দিয়েছে ছাত্ররা।,3,2,2,2,2
শেখ হাসিনা সারা বাংলাদেশে সন্ত্রাস দিয়ে গাইরা ফালাইছে,3,2,2,2,2
"পুরা মাস্তান,,, এদের নিয়ে দেশ চালায় আসছে হাসিনা বেগম।",3,2,2,2,2
ছাওলীগকে নিষিদ্ধ করার দাবি জানাই।,3,2,2,2,2
নিশ্চয়ই আওয়ামী লীগ সীমালংঘনকারী একটি সম্প্রদায়।,3,2,2,2,2
ছাত্রলীগ এখন হাওয়ালীগ হয়ে উড়ে গেছে গা ।,3,2,2,2,2
কর্মফল ভোগ করতেই হবে,3,2,2,2,2
ওদের।দেখলেই।সাতে।সাতে।মাইরাফালাইতে।হবে।,3,2,2,2,2
তোদের পাদ দিএ উরিয়ে দিয়েসে জনগণ,3,2,2,2,2
সাদ্দাম হোসেন আর আতিকা কে বিচার করা হোক।,3,2,2,2,2
ওরা ছিলো সন্ত্রাসী লীগ,3,2,2,2,2
হাসিনার তার দালালদের সবার বিচার করতে হবে,3,2,2,2,2
আল্লাহ শয়তানদের বিচার করেছে,3,2,2,2,2
ছাত্র ভাইদেরকে বলছি আপনারা ছাত্রলীগের লিস্ট করেন।এরপর লিস্ট দেখে দেখে চাইজ করেন।ঢাকা কে লীগ মুক্ত কর..,3,2,2,2,2
ছাত্রলীগ রাজাকাররা আজ দেশ ছেড়ে পালাইছে,3,2,2,2,2
আমরা ছাত্রলীগ এবং আওয়ামীলীগ মুক্ত বাংলাদেশ চাই,3,2,2,2,2
ছাত্রলীগ এখন আফসোস লীগ রূপে অনলাইনে বিচরণ করছে,3,2,2,2,2
তোরা কৈ গেলি রে তোদের মা।চলে গেল রে,3,2,2,2,2
এদের কঠিন বিচার চাই,3,2,2,2,2
লীগ মানেই বিপদ,3,2,2,2,2
যেখানেই ছাত্রলীগ সেখানেই গনধোলাই,3,2,2,2,2
"ভাবা যায় এই আওয়ামী কে ছাত্র সমাজও ভয় পেত,,,,, ভাবুন একবার, তারা কতো ভয়ঙ্কর ছিল ।",3,2,2,2,2
ছাত্রলীগ নিষিদ্ধ হোক,3,2,2,2,2
সীমা লঙ্ঘনকারী এই টুকাই লীগ সাদ্দাম সহ তার সকল টোকাই বাহিনীকে খুঁজে বের করে আইনের কঠিন শাস্তি প্রয়োগ...,3,2,2,2,2
এতবড় গণহত্যার পরেও আওয়ামীলীগ সন্ত্রাসীদের দল কেন নিষিদ্ধ হবে না???,3,2,2,2,2
"সত্যের জয় হয়, মিথ্যাচার ধূলিসাৎ হয়।স্বৈরাচারের পতন হয়েছে, সাধারণ জনগণের জয় হয়েছে🇧🇩",3,2,2,2,2
"দা,বটি,চাপাতি, assult rifle, হাজার হাজার ছাত্রদের মারার পরেও টিকতে পারলোনা ছ্যাদালীগ।",3,2,2,2,2
ওদের আজীবন নিষিদ্ধ করা হোক,3,2,2,2,2
ছি ছি ছি ছাএলীগ ভুয়া ভুয়া,3,2,2,2,2
"এখন নিজেরাই ফু ছাড়াই উড়ে গেছেন,আল্লাহ ছাড় দেন কিন্তু ছেড়ে দেন না, কথাটা আবারো অকাট্য ভাবে প্রমানিত, ..",3,2,2,2,2
ছাত্র লীগ যুব লীগ তোদের অবস্থা ভয়াবহ হবে জাতির কাছে মাপ চায়,3,2,2,2,2
"এরাতো ছাত্র লীগ নয়, এরা হচ্ছে ছেঁচড়া লীগ, যাদের অস্তিত্ব মিরপুর বেড়িবাঁধ আর ভাষানটেক বস্তিতে।",3,2,2,2,2
কি জুলুম টা না করছে এই ছাত্রলীগ,3,2,2,2,2
"কিরে বন্ধুর সৈনিক তোরা না ভালো কাজ কর্তি,তাহলে পালালি কেনো",3,2,2,2,2
সাদ্দামকে পাওয়া মাত্রই আচ্ছামতো গনপিটুনি দিয়ে পুলিশে দিতে হবে,3,2,2,2,2
আওয়ামী লীগকে নিষিদ্ধ করা হোক,3,2,2,2,2
কোন বৈধভাবে জন্ম হওয়া সন্তান কখনো ছাত্র লীগ করতে পারে না,3,2,2,2,2
এদেরকে জলদি গ্রেফতার করে ফাঁশি দেওয়া হোক,3,2,2,2,2
এদেরকে যেখানে যে অবস্থায় পাবেন কমপক্ষে একটা আন্ডা থেরাপি দিবেন ৷,3,2,2,2,2
এরা হল দেশের শএু। ছাএলীগ কখনো মানুষ হতে পারে না।,3,2,2,2,2
আমরা ছাত্রলীগ মুক্ত বাংলাদেশ চাই,3,2,2,2,2
আমরা চাই শুধু ছাত্র লীগ না আওয়ামী লীগটা নিষিদ্ধ হয়ে যাক,3,2,2,2,2
সন্ত্রাসী বাহিনী,3,2,2,2,2
পদধারী ছাত্রলীগের সব নেতাদের আটক করার জোর দাবি জানাচ্ছি,3,2,2,2,2
স্বৈরাচার নিপাত যাক বাংলাদেশ মুক্তি পাক,3,2,2,2,2
বাঘের মত হুংকার দিয়ে শিয়ালের মত লেজ গুটিয়ে পালালো,3,2,2,2,2
রাজপথের রাজা দাবি করা ছাত্রলীগ কে আজ রাজপথের ফকির হিসাবেও পাওয়া যায় না।,3,2,2,2,2
ভারত ও আওয়ামী লীগ মুক্ত বাংলাদেশ হবে ইনশাআল্লাহ!,3,2,2,2,2
হাজারো ছাএের রক্তের দাগ লেগে আছে এদের হাতে,3,2,2,2,2
সন্ত্রাসী হেলমেট লীগ নিষিদ্ধ করা হোক,3,2,2,2,2
আওয়ামী লীগ কে নিষিদ্ধ করার দাবি জানাচ্ছি।,3,2,2,2,2
হবে নিশ্চয়ই হবে নিষিদ্ধ শুধু সময়ের অপেক্ষা,3,2,2,2,2
হই হই হই হই ছাত্রলীগ গেলি কই,3,2,2,2,2
ছি ছি লীগ,3,2,2,2,2
আওয়ামীলিগ ছাএলীগ মুক্ত বাংলাদেশ চাই,3,2,2,2,2
যে অপকর্ম করছে ছাত্রলীগ তাদেরকে নিষিদ্ধ করা হোক,3,2,2,2,2
ওরা আজ ঘৃণ্য ইতিহাস,3,2,2,2,2
ছাত্রলীগের কবর রচিত হয়েছে অলরেডি,3,2,2,2,2
বোরকা পরে ইন্ডিয়া পালিয়ে গেছে,3,2,2,2,2
"ছাত্রলীগ হেরে যাওয়া দল না। কখনো আনসার কখনো ডাকাত, গার্মেন্টস শ্রমিক হয়ে ফিরে আসবে",3,2,2,2,2
হাসিনার বিচার চাই শত শত হাজার হাজার মানুষ হততা করেছে ওর বাংলায় কোনো ঠাই নাই,3,2,2,2,2
"তোমার বাবার দেশ,, আর আমরা তো ভাড়া থাকি বাংলাদেশে!!! দেশের ৪ ভাগের ৩ ভাগ তো বিক্রি কোরে দিয়েছো,",3,2,2,2,2
বাংলাদেশের জনগন আর বোকা নেই যে এতো বড়ো গনহত্যাকারিকে খমা করেদেবে,3,2,2,2,2
এরা যেনো বাংলাদেশ ঢুকতে না পারে ভাই।। এরা যেনো বাঁচার জন্য যায়গা খুঁজে।। এমন করতে হবে এদের,3,2,2,2,2
"আপা আপনি ভিন্ন মতাবলম্বী দেরকে বছরের পর বছর আয়না ঘরে রেখে যে ভাবে অত্যাচার ও নির্যাতন করেছেন,",3,2,2,2,2
আস কিসের বিচার পাবলিকের হাতে তুলে দিন মাইরের উপরে কোন ঔষধ নাই,3,2,2,2,2
চোর চোর ভোট চোর🩰,3,2,2,2,2
শেখ হাসিনা কে আয়না ঘরে রাখার অনুরোধ,3,2,2,2,2
তুই আর দেশে আইস নারে,3,2,2,2,2
"এইবার আর পালাতে পারবানা সোনা,, তোমার এবার মৃত্যুর সাদ গ্রহন করতে চাইলে আসো",3,2,2,2,2
অর বাপ দেশ কিনছে এটা অর দেশ আমরা ভারাটিয়া,3,2,2,2,2
শেখ হাসিনাকে দেশে আশার জন্য জোর দাবী জানাচ্ছি বিচারের সম্মুখীন হতেই হবে,3,2,2,2,2
ওনার বাবার কেনা একান্ত দেশ,3,2,2,2,2
"ইতিহাসের সেরা স্বৈরাচারী শাসক ছিলা তুমি, তোমার তো স্বৈরাচারী ভাব থাকবেই।",3,2,2,2,2
বাকি আছে দেশটা বিক্রি করার আসেন খালা সেটা করে জান আর আপনারে আমরা ছেরে দিবো,3,2,2,2,2
বাংলার জমিনে তোর মত ফেরাউনের ঠাঁই নাই।,3,2,2,2,2
হাসিনার জন্য আয়না ঘর অপেক্ষা করছে। হাসিনাকে দ্রুত আসতে হবে,3,2,2,2,2
"আহো আহো আমরা রেডি আছি,,বহু মানুষ মেরেছিস তুই",3,2,2,2,2
বুবু তুমি কই আয়না ঘর তোমার অপেখায় আছে কিলার বুবু,3,2,2,2,2
শেখ হাসিনা এই দেশ তোর বাপের না তোর বাপের হলে তুই এ রকম করতে পারতি না এখনো সময় আছে বালো হয়ে জা,3,2,2,2,2
দেশে আসলে ডিম থেরাপি দেওয়া হবে🤣,3,2,2,2,2
খু'নি কিলার,3,2,2,2,2
হাসিনা কে বাংলাদেশে এনে তার বিচার করতে হবেতাকে ফাঁশি দিতে হবে।,3,2,2,2,2
পিলখানা হত্যাকান্ডের বিচার চাই,3,2,2,2,2
মাফিয়া হাসিনা,3,2,2,2,2
এইজন্য নিজের হাতে লক্ষ হাজার কোটি টাকা পাজার করেছিস,3,2,2,2,2
স্বৈরাচার দেশ ছেরে পালিয়ে গেলি কেন,3,2,2,2,2
"যে দলের প্রধান নিজে বাঁচার জন্য কর্মী রেখে পালিয়ে যায়,সে দল নিয়ে গর্ব নয় লজ্জা করা উচিত।",3,2,2,2,2
আয় তোর জন্য বাঁশ রেডি আছে বাংলাদেশে,3,2,2,2,2
গণহত্যার কারণে তোমাদেরকে বিদেশ থেকে এনে তারপর বিচারের মাধ্যমে কঠিন শাস্তি প্রদান করা হবে।,3,2,2,2,2
চোরের মায়ের বড় গলা সাহস থাকলে দেশে আয়,3,2,2,2,2
রক্ত পান করে পিপাসা মিটেনি আরো রক্ত লাগবো।,3,2,2,2,2
তুমি একটু তাড়াতাড়ি আসো আসু আপা তোমার বিচার করতে হবে না তোমার শাস্তি তো এখন অনেক বাকি,3,2,2,2,2
"শাহস থাকলে ফিরে আয়, তোকে তোর বাপের কাছে পাঠাবো।",3,2,2,2,2
সর্বোচ্চ শাস্তি তাদের দেয়া হোক,3,2,2,2,2
ভারতের কোনো দালালের জায়গা হবে না।,3,2,2,2,2
আওয়ামী লীগ দলটাকে নিষিদ্ধ করা হোক এটা একটা সন্ত্রাসী দল,3,2,2,2,2
"এই মহিলা একটা বিশ্ব বেহায়া। ছিঃ। আয় তুই, তোর বিচার হবে",3,2,2,2,2
"লজ্জা নাই, আসো তুমি গুম খুনের বিচার টা দেখতে চাই,",3,2,2,2,2
বাংলাদেশে এসব বিশ্বাস ঘাতকের কোন প্রয়োজন নেই।,3,2,2,2,2
"আবার কি জন্য আসবা,,,ভোট চুরির জন্য,,, ছিঃ ছিঃ ছিঃ",3,2,2,2,2
গুজব আর গজব হচ্ছে একই জিনিস তেমনই একটা নাম হচ্ছে আওয়ামীলীগ।,3,2,2,2,2
আওমীলিগ পাপ করেছে,3,2,2,2,2
"বুবু জনগন ডিম তেরাপি দিব,আসেন বাকি জিবন জেলে কাটান",3,2,2,2,2
কত ছাত্র বুক পেতে দিছে আর তোমরা পালাই ছো,3,2,2,2,2
আওয়ামী লীগের কার্যক্রমে আইনগত বাধা রয়েছে,3,2,2,2,2
বঙ্গবন্ধুর প্রতি শ্রদ্ধা তো আইনের সাঙ্গাতিক লংঘন।,3,2,2,2,2
"আপনাদের জনগন লাথি দিয়ে বের করে দিছে,নিজেদের অবস্থান,সম্মানের কথা ভাবুন",3,2,2,2,2
আপনারা তো একটা দেশের সব মানুষ গুলোকে বাদ দিয়ে ১৭ বছর ক্ষমতার অপব্যবহার করে কাটিয়ে দিলেন।,3,2,2,2,2
অতীতে হাসিনার শাশনামলে এর থেকেও ভয়ঙ্কর চিত্র রেকর্ড হয়ে আছে।,3,2,2,2,2
আওয়ামী লীগ নেতারা সুদিনে তৃণমূল কর্মীদের ভুলে যায়,3,2,2,2,2
"আফসোস, সাধারণ জনগণের দল আওয়ামী লীগ থেকে হাইব্রীড, চাটুকার,এসি রুম এর দল এ পরিণত হয়েছিলো বাংলাদেশ আওয়ামী লীগ!",3,2,2,2,2
আওয়ামী লীগের ৩০ লক্ষ কোটি টাকা বিদেশে পাচারে দেনা বহন করছে বাংলাদেশের জনগণ,3,2,2,2,2
দেশ ধংশ করে এরা কি ভাবে পালায়...??,3,2,2,2,2
হাজার হাজার কোটি টাকা নিয়ে চলে গেছে,3,2,2,2,2
লুটপাট করে পালিয়ে গেছে,3,2,2,2,2
রাতের ভোটের সরকার অতপর পালালো মোদীর কাছে আবার সেই দল অন্য দল কে বলে অবৈধ। চরিত্র যে নষ্ট হয় তা ভাল কখনোই হয় না।,3,2,2,2,2
শুধু রাজনৈতিক ভাবে আওয়ামীলীগকে নিষিদ্ধ করলেই চলবে না তাদের সামাজিক ভাবেও বয়কট করে সমাজে অপাংতেয় করতে হবে।,3,2,2,2,2
লীগ' আর ''দল' ২টাই সেইম...যেমন: পানি' আর ''জল'...,3,3,2,2,2
৭১ আওয়ামী লীগ-বিএনপি বাপ দাদার সম্পত্তি।আর জুলাই-জামাত এনসিপির বাপ দাদার সম্পত্তি!,3,3,3,3,2
"খুনী হাসিনার হাতে, আওয়ামী লীগের হাতে হাজার হাজার শহীদের রক্ত লেগে আছে।",3,2,2,2,2
ফ্যাসিস্ট খুনি হাসিনা ভারতের দালাল।,3,2,2,2,2
অর্ধেক দেশ ইন্ডিয়ার কাছে বেচা দিছে এই হাসিনা। আরো কয়েকদিন ক্ষমতায় থাকলে পুরা দেশটাই তার জামাই মোদির হাতে তুইল্লা দিত।,3,2,2,2,2
"স্বৈরাচার হাসিনা, তোর রেহাই হবে না।",3,2,2,2,2
আওয়ামী লীগ খুনি সংগঠন।,3,2,2,2,2
দেশকে একদম ধ্বংস করে শেষ করে পালিয়েছে হাসিনা।,3,2,2,2,2
কোটি কোটি টাকা পাচার করে হাসিনা ভারতে পালিয়েছে।,3,2,2,2,2
আওয়ামী লীগ হলো ভোট চোর। চুরি করে ১৭ বছর ক্ষমতায় টিকে ছিল।,3,2,2,2,2
"হাসিনা ইন্ডিয়াতে পালিয়েছে, ছাত্রলীগও ইন্ডিয়াতে পালিয়েছে। বেশিরভাগ নেতা ইন্ডিয়াতে পালিয়েছে।",3,2,2,2,2
"আওয়ামী লীগ হলো ইন্ডিয়ার খাঁটি দালাল, মোদীর দালাল।",3,2,2,2,2
হাসিনা খুনি।,3,2,2,2,2
ডাইনি বুড়ি হাসিনার হাতে আমাদের ছাত্রদের রক্ত লেগে আছে। সে রক্তখেকো ডাইনি।,4,2,2,2,2
"নরপিশাচ ডাইনি হাসিনা হাজার হাজার মানুষ মেরেছে, আমাদের ছাত্রদের জীবন কেড়ে নিয়েছে।",4,2,2,2,2
"স্বৈরাচারের বাচ্চা, এই ফ্যাসিস্ট হাসিনা ভারতে পালাইয়া গেছে।",4,2,2,2,2
"বঙ্গবন্ধু ১৯৭১ সালের পর যেমন স্বৈরাচার হয়ে গিয়েছিল, তার মেয়ে হাসিনাও ঠিক একই রকম স্বৈরাচার, খাঁটি স্বৈরাচারের বাচ্চা।",4,2,2,2,2
"বাপ যেমন শয়তান, মাইয়াও হইছে শয়তানের বাচ্চা ।",4,2,2,2,2
"১৯৭১-এর পর বঙ্গবন্ধু জালিম হয়ে যখন গিয়েছিল, তখন তার মরণে মানুষ যেমন খুশি হয়েছিল, তার মাইয়া শয়তান হাসিনা ইন্ডিয়া পালিয়ে যাওয়ার পরও মানুষ একইভাবে খুশি হয়েছে।",4,2,2,2,2
এই মা&গী হাসিনা সিরিয়াল কিলার।,4,2,2,2,2
এই চুদি হাসিনা হইল ভয়ানক সাইকো কিলার। একটার পর একটা সে খুন কইরাই গেছে। ২০০৯ সালে এই মাগি পিলখানার ভয়াবহ হত্যাকাণ্ড চালাইছে। অনেক মানুষ মারছে। ২০১৩ সালেও এই ডাইনি শাপলা চত্বরে হাজার হাজার মানুষ খুন করছে। এখন এই ২০২৪-এ আইসেও গণহত্যা চালাইছে।,4,2,2,2,2
"এই মাগি হাসিনা হইল ভয়ানক খুনি। সে গণহত্যা চালাইছে। বারবার মানুষ খুন করছে। ২০০৯, ২০১৩, ২০২8এইরকম বারবার সে গণহত্যা চালাইছে।",4,2,2,2,2
চুদি হাসিনা মোদীকে লাং বানানোর জন্যই ইন্ডিয়া গিয়া হানদাইছে।,4,2,2,2,2
মোদী হাসিনার লাঙ লাগে।,4,2,2,2,2
"স্বৈরাচারের বাচ্চা, গণহত্যাকারী ডাইনির ফাঁসি চাই।",4,2,2,2,2
"এই বাইন%চদ বেডি ভাবছে ২০২৪এও গণহত্যা কইরা পার পাইয়া যাইব । ২০১৩, ২০০৯এ যেমন পার পাইয়া গেছে ওমনে ভাইব্বা লইছে ।",4,2,2,2,2
হেতি হাংগা বইতে ইন্ডিয়া পালাইছে।,4,2,2,2,2
এই শালি ইন্ডিয়ার মোদির কাছে আমগো দেশের অনেক জায়গা দিয়া দিছে। এই বেডি আরো বেশি দিন ক্ষমতায় থাকলে পুরা বাংলাদেশই মোদির হাতে দিয়া দিত।,4,2,2,2,2
এই পেতনি বুড়িডা মরেনা কা।,4,2,2,2,2
"মোদীর লগে হাঙ্গা বওয়ার লাইগা পুরা দেশডাই বেচা দিছে, খাইয়া লাইছে।",4,2,2,2,2
"বদমাইশ মুজিব যেমন কইরা গুম হত্যা খুন করত হের মাইয়া বদমাইশের বাচ্চা হাসিনাও বাফের মত গুম, খুন, হত্যা করছে, আয়না ঘরের জন্ম দিছে এই দেশে।",4,2,2,2,2
ওই শালিরে হেতির বানানো আয়না ঘরে রাইখা পচাইয়া মাইরা ফেলার দরকার আছিলো।,4,2,2,2,2
এই পিশাচের বাচ্চারা পুরা দেশটাই গিল্লা খাইছে।,4,2,2,2,2
"এই হারামজাদির দল আওয়ামী লীগ আছিল ডাকাত, বড় বড় সব দাও মারতো। দেশটা এক্কেরে সাফ কইরালাইছে, সব টাকা পয়সা পাচার কইরা দিছে, ব্যাংকগুলারে নিঃস্ব কইরা দিছে, আর বিএনপি হইল চোর ছ্যাঁচড় টোকাই শ্রেণির দল। এরা করে যে ছোট ছোট চুরি, তাও ছেচরার মতো মাইনসের সামনে।",4,4,2,2,2
"বুড়ি শালি কোটি কোটি টাকা পাচার কইরা দিছে, দেশটা ধ্বংস কইরা দিছে। এখন বিএনপিও শুরু করছে এমন।",4,3,2,2,2
"জা%রজ দল আওয়ামী লীগ যদি হয় চোর ডাকাত, বিএনপি হইল সেই চোর ডাকাইতের বাচ্চা।",4,4,2,2,2
আওয়ামী লীগ হইল ইবলিস শয়তান। সতেরো বছর ধইরা দেশে লুটপাট চালাইছে। এখন বিএনপি আইছে। বিএনপি আইতে না আইতেই দেশটারে খাইয়া লাইতাছে।,4,3,2,2,2
"জামাত গোলামের পুতেরা আসিলো ১৯৭১ সালের গণহত্যাকারী দল পাকিস্তানের সহযোগী। আর বাাইন""চুদ আওয়ামী লীগ হইল ২০২৪ সালের গণহত্যাকারী দল।",4,2,2,4,2
"১৯৭১ সালে জামাইত্তা কুত্তার বাচ্চারা দেশটারে ধ্বংস করছে, আর ২০২৪ সালে পিশাচের বাচ্চা লীগ বাহিনী দেশটারে খাইয়ালাইছে।",4,2,2,4,2
"পিশাচিনী ডাইনী বুড়ীটা দেশের উন্নয়ন করত দশ টাকার, আর লুটপাট, টাকা পাচার করত দশ কোটির। এই হইলো আওয়ামী লীগের শাসনব্যবস্থা।",4,2,2,2,2
কুকুর বাহিনী ছাত্রলীগ যুবলীগের কাছে ছিল না এমন কোনো অস্ত্র নাই। হাসিনা সব ধরনের অস্ত্র তাদের হাতে তুইলা দিছিলো। এখন ছাত্রদলও লীগের আদর্শ ধারণ করতেছে।,4,3,2,2,2
"ছাত্রলীগ কুত্তার তিন নম্বর বাচ্চা হইলে ছাত্রদল হইল কুত্তার চার নম্বর বাচ্চা। দুইটাই সেম। দুইটাই সন্ত্রাসী বাহিনী, অস্ত্রধারী কুলাঙ্গার।",4,4,2,2,2
পিলখানার হত্যাকাণ্ড শাপলা চত্বরের হত্যাকাণ্ড ২০২৪-এর গণহত্যা সবগুলিই এই এক পিশাচিনীর কাজ।,4,2,2,2,2
নরপিশাচের বাচ্চা হাসিনার ফাঁসি চাই ফাঁসি চাই ।,4,2,2,2,2
নরপিশাচ হাসিনা তার মতোই পিশাচ বাহিনী তৈরি করছে। সারাটা দেশ গইরা ফেলছে সন্ত্রাসী গুন্ডা বদমাইশ ধর্ষক দিয়া।,4,2,2,2,2
হাসিনা হইল ইন্ডিয়ার পা চাটা কুত্তা।,4,2,2,2,2
"আওয়ামী লীগ হইল ভারতের দালাল বাহিনী, পা চাটা কুত্তা বাহিনী।",4,2,2,2,2
বুড়িটা ভাবছে এইটা ওর আর ওর বাপের দেশ। দেশটা গিল্লা খাইলেও জনগণ কিছু কইব না। একবার খালি ইন্ডিয়া থেকে দেশে আই। তোরে আমরা টাঙাইয়া পিডামু।,4,2,2,2,2
বান্দীর পুত সাদ্দাম আর বান্দীরঝি আতিকা এই দুইটারে বাইরাইয়া মাইরা ফেলার দরকার।,4,2,2,2,2
"বেশ্যা আতিকারে জুতা পিটা করা দরকার।
",4,2,2,2,2
লম্পটের বাচ্চা সাদ্দামরে গুলি কইরা মাইরা লাওন দরকার।,4,2,2,2,2
বদমাইশ চোরের সংগঠন আওয়ামী লীগ হইল ভোট চোর। তাও আবার রাতের ভোট চোর। চুরি কইরা কইরা সতেরোটা বছর দেশটা খাইছে।,4,2,2,2,2
"ভোট চুরি কইরা ক্ষমতায় না গেলে, হেতিরে কোনো কুত্তাও ভোট দিত না। ক্ষমতায় যাওন তো দূরের কথা।",4,2,2,2,2
মাদার চুদ লীগকে ফলো কইরা গাধার বাহিনী বিএনপিও ভোট চুরি কইরা ক্ষমতায় আইছে।,4,4,2,2,2
জনগণ তোদের হোগায় বাশ ভইরা দেশ থেকে তারাইছে।,4,2,2,2,2
আমরা তোগো পুটকিতে লাথি মাইরা তোগো বাপের দেশ ইন্ডিয়ায় তোগো বাপের কাছে পাঠাইছি। জনগণ তোগো দেশথিকা তারাইছে। অহন মোদির কোলে বইয়্যা বইয়্যা পা চাট ভালো মতো।,4,2,2,2,2
"জনগণ আওয়ামী লীগের পুটকি মারা সারা কইরা দিছে। বিএনপিও যদি একই পথে হাঁটে, তাদেরকেও আউট করতে বেশি সময় লাগবে না।
",4,3,2,2,2
মোদির বউ হাসিনা তোরে আমরা চুদি না।,4,2,2,2,2
মোদির পোষা কুত্তা হাসিনা। তোরে ভালোবাসি না।,4,2,2,2,2
জনগণ তোদের পুটকি মারা সারা কইরা দেশ থেকে ভাগাইছে। তোরা আবারও দেশে আসতে চাস ক্ষমতার লাইগ্গা। ছিঃ ছিঃ কোনো লজ্জা৷ শরম নাই।,4,2,2,2,2
কিরে মাদারি দেশটা কি তোর আর তোর বাপের??? আর আমরা জনগণরা কি তোগো চাকর লাগি নাকি😡,4,2,2,2,2
"তোগো বাপ বদমাইশ মুজিব ভাবছিলো দেশটা হের একার, আর আমরা হের গোলাম। হেতের মাইয়াও সেম ভুলটা কইরা এখন ভারতে গিয়া গা ঢাকা দিছে।",4,2,2,2,2
পাপের ঘড়া যখন পূর্ণ হয় তখন গজব নাইমা আসে শয়তান জালিমগো উপরে ।,4,2,2,2,2
মাগী হাসিনার পাপের ঘরা পূর্ণ হইছে তাই হেতির উপরে ঠাডা পড়ছে ।,4,2,2,2,2
"পালাইছে, পালাইছে, মাদারবোর্ড পালাইছে।",4,2,2,2,2
বাঙ্গির লীগ পালাইছে।,4,2,2,2,2
শেখ হাসিনা আসলেই একটা শয়তান। অনেক চালাক মহিলা।।। জনগণের চোখে উন্নয়নের পট্টি লাগায় কোটি কোটি টাকা আত্মসাৎ করছে দেশ থেকে পাচার করছে।,4,2,2,2,2
কুত্তার বাচ্চাটা উন্নয়ন উন্নয়ন কইরা আমাদের মাথা খাইছে উন্নয়নের নামে কোটি কোটি টাকা বিদেশে পাচার করছে ।,4,2,2,2,2
এই চুদি মহিলা জনগণরে বোকাচুদা পাইয়া উন্নয়নের কথা কইয়া পুরাডা দেশে লুটপাট চালাইছে আবার পুরা দেশটা মোদির হোগায় ভইরা দিছে।,4,2,2,2,2
জারজ সাদ্দাম গেল কই?,4,2,2,2,2
বলেন কুততা লিগ,4,2,2,2,2
"একটা করে ছাত্রলীগ ধর তার পরে জ,বাই কর",4,2,2,2,2
কই এখন সাদ্দাম খামকির পোলায়,4,2,2,2,2
ফুটফুটে সুন্দর শো.... বাচ্চারা,4,2,2,2,2
ওরে জবাই করতে হবে যদি কোনোদিন এই দেশে আসে,4,2,2,2,2
হেডার লীগ 😂,4,2,2,2,2
ওরাকুলাংগারের।বাচ্চএইজন্নওরা।আজ।বাংলাতেনাই,4,2,2,2,2
যাদের জন্মের ঠিক নেই যাদের বাবা রিকসা চালায় মা বুয়া গিরি করে সংসার চালায় তারাই ছাত্রলীগ করে আওয়ামী ল...,4,2,2,2,2
সাদ্দাম হয়ছে খনিকের ছেলে,4,2,2,2,2
ছাত্রলীগের জারজেরা কোথায় এখন?,4,2,2,2,2
আওয়ামী লীগের এই করুণ পরিণতির কারণ একমাত্র এই জারজ ছাত্রলীগ,4,2,2,2,2
এই খাংকির বাচ্চারা এখন কই,4,2,2,2,2
শেষ দেখার আগেই শেষ করে দিয়েছে জারজলীগকে।,4,2,2,2,2
বাস্টার্ড ছাত্রলীগ,4,2,2,2,2
রাজপথে জন্ম নেওয়া ছাত্রলীগের এখন কোথায়,4,2,2,2,2
যাদের নাই জন্মের ঠিক তারা করে ছাত্রলীগ।,4,2,2,2,2
ছাত্রলীগের জন্মের ঠিক নাই এদের দেখলেই খবর আছে,4,2,2,2,2
বান্দির পুলা ভেগে গেছে।,4,2,2,2,2
আর এদিক এ ছাত্রলীগ দেখলেই জবো দেয়া হচ্ছে 😜,4,2,2,2,2
ছাত্রলীগের আপুমনি রা কই 😜চামড়ার ব্যবসা কি এহনো চলে ???,4,2,2,2,2
কুথায় কুওালীগ কুলাংগারে বাচ্চারা একন,4,2,2,2,2
ছাত্র লীগ বলে বাংলাদেশে কোনো কুকুর থাকবে না,4,2,2,2,2
কোথায় তোরা শুকর ছানার দল।,4,2,2,2,2
"পতিতালয় জন্ম নেওয়া সাদ্দাম হোসেন এখন কোথায়, কোথায় গেল পতিতালয়ের মুক্তিযোদ্ধা সন্তান ছাত্রলীগ ...",4,2,2,2,2
এই ছাত্রলীগের একটারও জন্মের ঠিক নাই,4,2,2,2,2
কিরে সাদ্দাম মাদারের বাচ্চা কোথায় আছো,4,2,2,2,2
"দলে দলে ছাত্রলীগ ধর, ধরে ধরে জবাই কর",4,2,2,2,2
ছাএ জনতা বেঁচে থাকতে আওয়ামিলীগ কুওালীগ রাস্তায় নামতে দেবো না,4,2,2,2,2
এরা কোন লীগ না ভাই তারা রাতের খাট লীগ,4,2,2,2,2
ঘেও ঘেও লিগ,4,2,2,2,2
আয় ডাইনি,4,2,2,2,2
শয়তান দূর হইছে!,4,2,2,2,2
এই জারস এর বাচ্চা জারস সন্তান কিভাবে আবার কথা বলে,4,2,2,2,2
আসতে বল তোদের নেত্রীকে আমরা ভরে দেওয়া জন্য প্রস্তুত,4,2,2,2,2
"ডাইনি আয়, সন্তান হারা মা রা তোর জন্য অপেক্ষা করছে।",4,2,2,2,2
তুমি আসো সকল হিসাব নেয়া হবে ডাইনি মহিলা,4,2,2,2,2
দেশে আসবা কেন? তুমি বুড়ো বলে কি মোদি তোমাকে খায় না?,4,2,2,2,2
ডাইনী ডাইনী ডাইনীকে আর বাংলার মানুষ চাই না।,4,2,2,2,2
আসলে কুওার মতো পিঠামু,4,2,2,2,2
আয় রে ডাইনী তুই আবার আয়,4,2,2,2,2
শেখ পরিবার এমন একটি পরিবার যারা ক্ষমতার জন‍্য নিজের গু নিজে খাইতে পারে!,4,2,2,2,2
হাসিনা হলো বদ মাইশ🤪😁,4,2,2,2,2
মুদির কাছে পিছন ভাড়া দে তবুও বাংলাদেশে ঢুকার চেষ্টা করিছ নাহ,4,2,2,2,2
"তোদেরকে বাংলা দেশের মানুষ চায় না কু,,,ওার দল",4,2,2,2,2
"তীব্র নিন্দা ও প্রতিবাদ জানাচ্ছি, আমি যদি একবার সুযোগ পাইতাম এইসব খানকিমাগির পোলা গরে যেখান দিয়ে বাহির হইছে সেখান দিয়ে বরে দিতাম, বাইন চোধ একটা",4,2,2,2,2
বাটপার লীগ আওয়ামী লীগ,4,2,2,2,2
লীগের রাতে খাট কাপানো নেত্রীরা কই লুকাইলো।,4,2,2,2,2
আতিকা আসলে একটা বেশ%শা।,4,2,2,2,2
ডাইনি হাসিনার পোলা স্বজীব একটা মাতাল নেশাখোর।,4,2,2,2,2
গানজুইট্টা ফোলা ইবা কয়কি।,4,2,2,2,2
হাসিনার পোলা সজীব জয়কে পুনমেরে জয় বাংলা করে দেওয়া আমাদের দায়িত্ব।,4,2,2,2,2
সজিব এইগুলা কী রে কয়? ছাগলের তিন নম্বর বাচ্চার মতো।,4,2,2,2,2
মজিবের নাতি সজীব হের খালি একটাই কাম। বিদেশে বইয়া বইয়া মদ গাজা খাওন আর হাঙ্গা বওন।,4,2,2,2,2
বদমাশ লীগ মানেই বিনোদন,4,2,2,2,2
আওয়ামী মানেই নাটকবাজ সন্ত্রাস মাগিবাজি,4,2,2,2,2
গণহত্যা কারীরা এখন পুরোনো কিছু দেখায়😆 তোদের শাউয়ার হাড্ডি ভেংগে দিব,4,2,2,2,2
এসব বুকা!চুদা নাটক মানুষ আর খায়না।সব আওয়ামী লীগ এর কারসাজি,4,2,2,2,2
"হামু লীগের দালালের বাচ্চারা পুরাতন গুজব ছড়ানো জন্য সেরা রে,,,।",4,2,2,2,2
জাতির কাছে মাফ চাওয়া জরুরি বাইন'চুচ লিগের,4,2,2,2,2
একমাত্র ভারতীয় র ধারা পরিচালিত দল এই বালের লিগ,4,2,2,2,2
শ্বাসকষ্টের সমস্যাকে আড়াল করতে ডাইনি আপা নিয়মিত মিথ্যার/গুজবের আশ্রয় নেন।,4,2,2,2,2
"আপরাধ করতে করতে মানুষ যে সেটাই ঠিক মনে করে এই চু""তি মহিলাকে না দেখলে বুঝতাম না",4,2,2,2,2
এইগুলো কুলাঙ্গারের জাত ছাত্রলীগের অপকর্ম,4,2,2,2,2
সাভারে লাশ পোড়ানো বেজন্মা খুনিরা আজ লাশ পোড়ানো নিয়ে অপরাজনীতিতে ব্যস্ত।,4,2,2,2,2
আল্লাহ পাক নর পশুদের জাত থেকে দেশটাকে রক্ষা করচে,4,2,2,2,2
শুন ডাইনি তদের বিচার বাংলা মাটিতে হবে,4,2,2,2,2
এদের কাছে কবরে মৃত মানুষ নিরাপদ না আর জীবিত মানুষের কথা কি বলবো ।,4,2,2,2,2
"চুদা*চুদি লিগের জন্য অবস্থা এমন হইছে মানুষ, লাশ আর কোন কিছুই নিরাপদ নয়!",4,2,2,2,2
চুত#মারানি হাসিনা জলজ্যান্ত জী*বিত মানুষ পুড়া*য়তো।,4,2,2,2,2
পায়খানা লীগের লাস্ট অপশন এখন গুজব ছড়িয়ে মানুষ কে বিভ্রান্ত করা,4,2,2,2,2
"একটা ডাইনিকে পোড়ানো গেলেই সব সমাধান হয়ে যেতো....কিন্তু সে এই দেশের শ্মশানে পুড়তে চাই না, তাই শ্বশুর বাড়ি ইন্ডিয়া ভাগছে।",4,2,2,2,2
লিগের রাজনীতির মায়রে চ***দি,4,2,2,2,2
এই বালেরা কি জীবনে ভালো হবে না!,4,2,2,2,2
তোরা তো ভ্যানগাড়িতে লাশের স্তুপ করে আগুন দিয়ে পুড়িয়ে দিয়েছিস। তোরা কি ভালো নাকি ? কত্তো ভয়ানক শয়তান এরা,4,2,2,2,2
ফেরাউনের দল আওয়ামী লীগ থাকলে অবশ্যই ওখানে মন্দির বানিয়ে পূজা করা শুরু করত তাদের আব্বা মুদিকে খুশি করতে,4,2,2,2,2
"গত তিনটি নির্বাচনে আওমুলিগ তাদের ১৪দলীয় জোট ছাড়া সবাইকে কৌশলে নির্বাচনের বাইরে রেখেছিলেন, এখন নিজেরা বাইরে থাকলে বুঝবে কত মজা,কত সাজা। শালার ভন্ড।",4,2,2,2,2
একসময় আওয়ামীলীগ অন্যদের নির্বাচন থেকে বাদ দিতো আর এখন অন্যরা আওয়ামীলীগকে বাদ দিচ্ছে। এটাই দুনিয়ার নিয়ম যে যা করবে সে তেমন কর্মফল ভোগ করবে।যেমন কুকুর তেমন মুগুর,4,2,2,2,2
আওয়ামী লীগ নির্বাচনে কেন আসবে? আওয়ামী লীগ কি বাংলাদেশের কোন দল? ভারতীয় দল বাংলাদেশের কোন নির্বাচনে অংশগ্রহণ করার প্রশ্নই উঠে না।সন্ত্রাসীদের শা&উয়ার দল আওয়ামী লীগ।,4,2,2,2,2
"তোরা কী করছস? রাতের ভোট দিয়া জিতসোস এত বছর, চোরের দল।।।",4,2,2,2,2
"তোগো কি কোনো লজ্জা নাই?বেজন্মা দল এখনো সাপোর্ট করস, আবার বলস আওয়ামী লীগ ছাড়া বাংলাদেশে কোন নির্বাচন হবে না।",4,2,2,2,2
"ভারতের রাজ্যহীন মাননীয় গাধার বাচ্চা মুখ্যমন্ত্রী হাসিনা ও আম্লীগ আবার ভয়ঙ্কর রুপে ফিরে আসবে, তবে.....বর্ডারের কাঁটাতার পযর্ন্ত",4,2,2,2,2
এই শালা হাসিনার পোলা সজিব একটা পুরা মাতাল,4,2,2,2,2
চোরের জাতেরা তোরা ভারতে পালিয়ে থেকে যখন কোন চুল ছিড়তে পারোস না।তখন মানুষ ব্রেন ওয়াস করে দাঙ্গা লাগানোর চেষ্টা।,4,2,2,2,2
হিন্দুদের নিয়ে এসব ষড়যন্ত্র এখন মানুষ বুঝে। বদমাইশ অসভ্য লিগের বাহিনী,4,2,2,2,2
মানসিক ডাক্তার দেখানো দরকার পাগলের বাচ্চাটাকে,4,2,2,2,2
সজিব শালায় আসলেই পাগলচোদা,4,2,2,2,2
শালার পুত সজিবে মাঝে মাঝে গাজার পরিমাণ একটু বেশি পড়লে আবোল-তাবোল বকতে থাকে,4,2,2,2,2
শালা লীগাররা সনাতনীদের ব্যবহার করে সবসময়ই কারন এদের ব্যবহার করা সবচেয়ে সহজ,4,2,2,2,2
সজিবের চেহারার চোরের ভাব আছে,4,2,2,2,2
নেশাখোর লম্পট জয়ের এই ঘৃন্য মন্তব্যের জন্য জাতির কাছে ক্ষমা চাওয় উচিত,4,2,2,2,2
শালার হিন্দুলীগ যতই খারাপ খারাপ করুক এতে হিন্দুদের ধর্মীয় অনুভুতিতে আঘাত লাগেনা। হিন্দুদের কিছু দালাল আছে কিছু বলেনা।,4,2,2,2,2
ডাইনির পুতের চেহারা দেখেই মনে হয় রাত্রে খুব নেশা করে !,4,2,2,2,2
বা*সটার্ড লিগ,4,2,2,2,2
"ইতিহাসের পাতায় স্বর্ণাক্ষরে লেখা থাকবে বাংলাদেশের আপসহীন নেতৃ বেগম খালেদাজিয়ার নাম, তিনি এক মহীয়সি নারী,মাতা,দেশমাতা বেগম খালেদাজিয়া।।",2,1,2,2,2
"ইতিহাস যাকে রাজপথের লড়াকু মা হিসেবে স্মরণে রাখবে, আল্লাহ বেগম খালেদাজিয়া আত্মাকে স্বস্তিময় রহমতে সিক্ত করে চিরশান্তির নীড়ে স্থান দিন।",2,1,2,2,2
অন্যায়ের বিরুদ্ধে আপোষহীন বলিষ্ঠ ব্যক্তিত্বের অধিকারী প্রিয় নেত্রী বেগম খালেদাজিয়া..দেশের ক্রান্তিলগ্নে আপনাকে খুব প্রয়োজন ছিলো...,2,1,2,2,2
আজও জাতি শ্রদ্ধা ভরে স্মরণ করে ইতিহাসের পাতায় স্বর্ণ অক্ষরে লেখা থাকবে আপনার নাম বিনম্র শ্রদ্ধাঞ্জলি আপোষহীন নেত্রী বেগম খালেদাজিয়া,2,1,2,2,2
দেশনেত্রী বেগম খালেদাজিয়ার আপোষহীনতাই ফ্যাসিস্ট সরকার হাসিনার বিরুদ্ধে আমাদের রাজপথে থাকার শক্তি জুগিয়েছিল।,3,1,2,2,2
"শুভ জন্মদিন ‘গণতন্ত্রের মা’ ও আপসহীন দেশনেত্রী বেগম খালেদা জিয়া। দেশ ও গণতন্ত্রের জন্য আপনার সাহস, ত্যাগ ও নেতৃত্ব ইতিহাসে স্মরণীয় হয়ে থাকবে।",2,1,2,2,2
"দেশনেত্রী বেগম খালেদাজিয়া শুধুই একজন নেতৃত্ব নন, তিনি বাংলাদেশের ""মা""।",2,1,2,2,2
সাবেক প্রধানমন্ত্রী ও বিএনপির চেয়ারপারসন দেশনেত্রী বেগম খালেদা জিয়ার ৮২তম জন্মদিনে তাঁর দীর্ঘ রাজনৈতিক জীবনের প্রতি শ্রদ্ধাঞ্জলি। তাঁর অবদান ও স্মৃতি দেশের রাজনৈতিক ইতিহাসে স্মরণীয় হয়ে থাকবে। মহান আল্লাহ্ পাক জান্নাতুল ফেরদৌস দান করুন।,2,1,2,2,2
বাংলাদেশের মানুষ আপনাকে শ্রদ্ধার সাথে স্মরণ রাখবে আমাদের ভালোবাসার দেশনেত্রী,2,1,2,2,2
আপোষহীন নেত্রী বেগম খালেদা জিয়া,2,1,2,2,2
আপোষহীন নেত্রী গনতন্ত্রের মা উপাধিতে ভূষিত সাবেক প্রধানমন্ত্রী মরহুমা বেগম খালেদা জিয়ার জন্মদিনে উনাকে শ্রদ্ধার সাথে স্বরন করছি।,2,1,2,2,2
আপোষহীন নেত্রী আপনি থাকবেন বাংলাদেশের প্রতিটা মানুষের অন্তরে,2,1,2,2,2
মির্জা ফখরুল ইসলাম আলমগীরকে দলের সভাপতি (প্রেসিডেন্ট) হিসেবে মনোনীত করে বিএনপি অত্যন্ত সময়োপযোগী ও প্রশংসনীয় একটি সিদ্ধান্ত নিয়েছে।,2,1,2,2,2
"আমার কাছে মির্জা ফখরুল স্যার সবসময়ই একজন বিশেষ ব্যক্তিত্ব—শুধু একজন রাজনীতিবিদ হিসেবে নয়, বরং একজন নীতিবান ও পরিশীলিত রাজনৈতিক মানুষ হিসেবে।",2,1,2,2,2
"মহাসচিব থেকে মহামান্য, পরিচ্ছন্ন রাজনীতির কিংবদন্তি। মির্জা ফখরুল ইসলাম আলমগীর বর্তমান রাষ্ট্রপতির দায়িত্ব নিয়ে আছেন",2,1,2,2,2
কার্ডের দরকার নাই জিনিসপত্রের দাম নাগালের মধ্যে রাখেন তাতেই আমরা অনেক খুশি থাকবো,2,1,2,2,2
"আগে আমরা অনেক গরিব ছিলাম দিনে একবার খেতে পারতাম, ফ্যামিলি কার্ডের বদৌলতে এখন দিনে তিনবার খেতে পারি,ধনবাদ তারেক রহমান!",2,1,2,2,2
"তারেক জিয়া জিন্দাবাদ
সবার আগে বাংলাদেশ ।
লাভ ইউ প্রিয় লিডার 🥰🥰
",2,1,2,2,2
"আগে প্রবাসে ছিলাম ফ্যামিলি কার্ড পাওয়ার পর থেকে দেশে এসে পায়ের উপর পা তুলে খাইতেছি,আর বিদেশে যাইতে হবেনা।ধন্যবাদ লিডার",2,1,2,2,2
ফ্যামেলি কার্ডের জন্য বউ বাচ্চা নিয়ে আরাম আয়েশে দিন যাচ্ছে,2,1,2,2,2
ভোট দেব কিসে? ধানের শীষে।,2,1,2,2,2
উন্নয়নের মার্কা ধানের শীষ মার্কা ।,2,1,2,2,2
আমরা জিয়ার সৈনিক আমাদের কেউ থামতে পারবে না।,2,1,2,2,2
"দুর্যোগ মোকাবিলায় মাননীয় প্রধানমন্ত্রীর সরাসরি তদারকি ও দিকনির্দেশনা সত্যিই আশাব্যঞ্জক। ত্রাণ ও চিকিৎসাসেবা যেন প্রকৃত ক্ষতিগ্রস্তদের কাছে সঠিকভাবে পৌঁছায়, সেটাই এখন মূল লক্ষ্য হওয়া উচিত।",2,1,2,2,2
জিন্দাবাদ বাংলাদেশ জাতীয়তাবাদী দল বিএনপি,2,1,2,2,2
মাননীয় প্রধানমন্ত্রী জনাব তারেক রহমান আমাদের দেশকে উন্নত সমাজ গঠনে দ্বায়িত্ব পূর্ণ ভূমিকা পালন করছেন,2,1,2,2,2
আশা করি জনাব তারেক রহমানের নেতৃত্বে বাংলাদেশ একটি উন্নয়নশীল ও উন্নত রাষ্ট্র হিসেবে এশিয়া মহাদেশে অন্যতম ভূমিকা রাখবে !,2,1,2,2,2
করব কাজ গর্ব দেশ সবার আগে বাংলাদেশ,2,1,2,2,2
আমি জিয়ার একজন গর্বিত সৈনিক।,2,1,2,2,2
সবার আগে দেশ চলো গড়ি বাংলাদেশ বাংলাদেশ জাতীয়তাবাদী দল। ,2,1,2,2,2
সবার আগে বাংলাদেশ ।,2,1,2,2,2
"বিএনপি অনেক বছর পর ক্ষমতায় আইছে, এখন দেখার বিষয় দেশটার জন্য আসলে কী করে।",2,1,2,2,2
"জিয়াউর রহমানের সময় দেশের জন্য অনেক ভালো কাজ হইছিল, সেই জন্য বিএনপির প্রতি আমার আলাদা সম্মান আছে।",2,1,2,2,2
"খালেদা জিয়া অন্যায়ের কাছে আপস করতেন না, এই জিনিসটা আমার ভালো লাগে।",2,1,2,2,2
"বিএনপি সরকার আইছে, এখন জনগণের জন্য কাজ করলেই হব।",2,1,2,2,2
"ধানের শীষে ভোট দিছি, আশা করি এবার আমাদের এলাকার উন্নয়ন হব।",2,1,2,2,2
"বিএনপির কাছে আমার অনেক আশা আছে, দেখি শেষ পর্যন্ত কতটুকু পূরণ করে।",2,1,2,2,2
খালেদা জিয়ার নেতৃত্বে বিএনপি অনেক কঠিন সময় পার করেছে।,2,1,2,2,2
"জিয়া সাহেব দেশপ্রেমিক মানুষ আছিলেন, তার আদর্শ বিএনপি ধরে রাখুক।",2,1,2,2,2
"বিএনপি যদি কথা রাখে, তাহলে মানুষের রাজনীতির ওপর আস্থা আবার ফিরতে পারে।",2,1,2,2,2
ধানের শীষ মানেই আমাদের কাছে একটা আবেগের জায়গা।,2,1,2,2,2
"বিএনপি যদি দুর্নীতি কমাইতে পারে, তাহলে দেশের অনেক উপকার হবে।",2,1,2,2,2
বিএনপি ভালো কিছু করলে জনগণ অবশ্যই পাশে থাকবে।,2,1,2,2,2
"তারেক রহমান এখন দলের নেতৃত্ব দিতেছে, আশা করি দেশটার জন্য ভালো কিছু করবে।",2,1,2,2,2
"বিএনপি যেন আগের ভুলগুলা আর না করে, এইটাই চাই।",2,1,2,2,2
ধানের শীষের জয় মানে আমাদের এলাকার মানুষেরও একটা আশা তৈরি হইছে।,2,1,2,2,2
জিয়াউর রহমানের দেশপ্রেমের কথা মানুষ এখনো মনে রাখছে।,2,1,2,2,2
সাধারণ মানুষ শান্তিতে থাকতে পারলেই বিএনপি সফল।,2,1,2,2,2
বিএনপি ভালোভাবে দেশ চালাইতে পারলে আগামীতেও মানুষ তাদের পাশে থাকবে।,2,1,2,2,2
"ক্ষমতায় আসা সহজ, কিন্তু ক্ষমতা ঠিকভাবে চালানোই আসল পরীক্ষা।",2,1,2,2,2
জিয়া পরিবারের প্রতি বিএনপির মানুষের আলাদা একটা টান আছে।,2,1,2,2,2
ধানের শীষের সমর্থকরা অনেকদিন ধরেই এই দিনের অপেক্ষায় আছিল।,2,1,2,2,2
"বিএনপির ভালো কাজকে ভালো বলব, খারাপ কাজকে খারাপই বলব।",2,1,2,2,2
"ধানের শীষের কথা অনেক শুনছি, এবার বাস্তবে কী করে দেখি।",2,1,2,2,2
"জনগণ ভোট দিছে পরিবর্তনের আশায়, সেই পরিবর্তন এখন দেখাইতে হবে।",2,1,2,2,2
জিয়াউর রহমানের সময়কার কিছু সিদ্ধান্ত এখনো মানুষ ভালোভাবে মনে রাখছে,2,1,2,2,2
বিএনপি সরকার যেন কোনো দলের প্রতিশোধ নিতে গিয়ে দেশের ক্ষতি না করে।,2,1,2,2,2
"বিএনপির উচিত মানুষের কথা সরাসরি শোনা। গ্রামের মানুষ কী চায়, সরকার সেইদিকে নজর দিক। বিএনপি যদি উন্নয়ন করে, আমরা অবশ্যই ভালো বলব।",2,1,2,2,2
বিএনপির নেতারা যদি সৎভাবে কাজ করে তাহলে দলটা অনেক দূর যেতে পারবে।,2,1,2,2,2
বিএনপিকে এবার প্রমাণ করতে হবে যে তারা আগের চেয়ে ভালোভাবে দেশ চালাতে পারে।,2,1,2,2,2
তারেক রহমানের নেতৃত্বে দলটা কোন দিকে যায়..... সেটাই এখন দেখার বিষয়।,2,1,2,2,2
বিএনপির নতুন সরকারকে কিছুটা সময় দেওয়া দরকার।,2,1,2,2,2
ভাই.......সরকার নতুন হইছে আগে কাজ করতে দেন তারপর বিচার করেন।,2,1,2,2,2
"দেশের মানুষ এখন শান্তি আর নিরাপত্তা চায়......বিএনপি যদি এই দুইটা দিতে পারে, তাহলে মানুষ খুশি হইব।",2,1,2,2,2
"বিএনপি যেন জনগণের ভোটের সম্মান রাখে,,,,,, ক্ষমতায় গিয়া জনগণরে ভুলে গেলে কিন্তু মানুষ আবার জবাব দিবে।",2,1,2,2,2
সরকারের কাজের সমালোচনা করা মানে দেশের বিরুদ্ধে যাওয়া না.........,2,1,2,2,2
"আমার কাছে ধানের শীষ মানে পরিবর্তনের আশা,,, এখন সেই আশা পূরণ করার দায়িত্ব তাদের।",2,1,2,2,2
"ফ্যামিলি কার্ডের সুবিধা যেন আসলেই গরিব মানুষ পায়, এইটাই চাই 🙏",2,1,2,2,2
কৃষক কার্ডের মাধ্যমে কৃষকরা সরকারি সুবিধা পাইলে দেশের কৃষির জন্য ভালো হবে 🌾,2,1,2,2,2
কৃষক কার্ড শুধু নামেই না বাস্তবেও যেন কৃষকের কাজে লাগে..........এইটাই চাই।,2,1,2,2,2
"খেলোয়াড়দের জন্য সরকারি সুযোগ-সুবিধা বাড়ানো দরকার ছিল, উদ্যোগটা ভালো 👍",2,1,2,2,2
"প্রবাসী ভাইদের জন্য প্রবাসী কার্ড করলে তারা বাড়তি সুবিধা পাবে,,, ভালো উদ্যোগ।",2,1,2,2,2
প্রবাসীদের জন্য বিমানবন্দর আর হাসপাতালে অগ্রাধিকার দেওয়ার বিষয়টা ভালো লাগছে ❤️,2,1,2,2,2
কৃষক কার্ডের সুবিধা গ্রামের প্রত্যন্ত এলাকার কৃষকরাও পায় কিনা ওইটাই দেখার বিষয়।,2,1,2,2,2
ফ্যামিলি কার্ডের পাইলট প্রকল্পটা সফল হইলে সারাদেশে করা উচিত।,2,1,2,2,2
স্পোর্টস কার্ডের মাধ্যমে তরুণ খেলোয়াড়রা সুবিধা পেলে দেশের ক্রীড়াক্ষেত্র এগিয়ে যাবে 🇧🇩,2,1,2,2,2
প্রবাসীদের জন্য নতুন কার্ডের ব্যবস্থা করাটা সময়ের দাবি ছিল।,2,1,2,2,2
কার্ডের কথা শুনতে ভালো লাগতেছে 😊 এখন দেখি আসলে কতজন মানুষ সুবিধা পায়।,2,1,2,2,2
"ফ্যামিলি কার্ডে যদি ভর্তুকি ঠিকমতো পাওয়া যায়,,, তাহলে বাজারের চাপ কিছুটা কমবে।",2,1,2,2,2
ফ্যামিলি কার্ডে আসল নিম্নআয়ের মানুষদের তালিকাভুক্ত করা সবচেয়ে জরুরি।,2,1,2,2,2
কার্ড দিয়া ছবি তোলার চেয়ে সুবিধা দেওয়াটাই বেশি গুরুত্বপূর্ণ ভাই।,2,1,2,2,2
প্রবাসীদের জন্য বিমানবন্দরে হয়রানি কমানো দরকার...কার্ডের মাধ্যমে সেটা হলে ভালো।,2,1,2,2,2
কার্ড আছে অনেক......কিন্তু জনগণ সুবিধা পাচ্ছে কিনা সেই হিসাবটাও দিতে হবে।,2,1,2,2,2
"তারেক রহমান সরকারে আইসা ফ্যামিলি কার্ড,,,কৃষক কার্ড,, স্পোর্টস কার্ড চালু করছে.....মানুষের জন্য ভালো উদ্যোগ মনে হইতেছে।",2,1,2,2,2
বিএনপি এবার মানুষের জন্য নতুন কিছু করার চেষ্টা করতেছে... কার্ডগুলা তারই একটা উদাহরণ।,2,1,2,2,2
তারেক রহমানের এই উদ্যোগগুলা ভালোভাবে বাস্তবায়ন হইলে মানুষ বিএনপির ওপর আস্থা রাখ...,2,1,2,2,2
প্রবাসীরা দেশের জন্য এত টাকা পাঠায়....... তাদের জন্য আলাদা কার্ড দেওয়াটা যুক্তিসঙ্গত।,2,1,2,2,2
"বিএনপি সরকার আসার পর নতুন নতুন কার্ড চালু করতেছে,, জনগণ এখন ফলাফল দেখতে চায়।",2,1,2,2,2
"তারেক রহমানের কার্ডগুলা রাজনৈতিক প্রচারণা না হয়ে বাস্তব সুবিধা হোক, এইটাই চাই,,,",2,1,2,2,2
এবার ধানের শীষে ভোট দিছিদেখি দেশটা কেমন চলে।,2,1,2,2,2
ধানের শীষ মানেই এবার পরিবর্তনের আশা।,2,1,2,2,2
এবার ধানের শীষ জিতছে....আলহামদুলিল্লাহ।,2,1,2,2,2
"ধানের শীষে ভোট দিছি,,, এখন বিএনপির কাজ দেখব... ভোটের আগে অনেক কথা শুনছি এবার কাজের প্রমাণ চাই।",2,1,2,2,2
এবার ভোটের মাঠে ধানের শীষের প্রতি মানুষের আগ্রহ অনেক দেখছি.....,2,1,2,2,2
"ধানের শীষে ভোট দিছি,,, কিন্তু সরকাররে অন্ধভাবে সমর্থন করব না।",2,1,2,2,2
"সালাহউদ্দিন আহমেদরে আমার বেশ অভিজ্ঞ নেতা মনে হয়, অনেক বছর রাজনীতি করছে,,...স্বরাষ্ট্র মন্ত্রণালয়ের দায়িত্ব পাওয়ার পর মানুষ তার কাছ থেইকা অনেক কিছু আশা করছিল।",2,1,2,2,2
সালাহউদ্দিন আহমেদের রাজনৈতিক অভিজ্ঞতা অনেক;; এইটা দেশের কাজে লাগানো দরকার।,2,1,2,2,2
স্বরাষ্ট্র মন্ত্রণালয়ে উনার কাজের আসল পরীক্ষা আইনশৃঙ্খলা পরিস্থিতি।,2,1,2,2,2
সালাহউদ্দিন সাহেবের কাছে মানুষের নিরাপত্তা আগে আশা করি..........,2,1,2,2,2
"প্রধানমন্ত্রী তারেক রহমানের সামনে অনেক বড় বড় সমস্যা,,, আশা করি ধীরে ধীরে সমাধান করবেন।",2,1,2,2,2
প্রধানমন্ত্রী তারেক রহমানের সরকার নতুনতাই কাজের ফলাফল দেখতে একটু সময় দেওয়া দরকার।,2,1,2,2,2
"তারেক রহমান প্রধানমন্ত্রী হইছে ঠিক আছে, কিন্তু শুধু দলীয় লোকজনের কথা শুনলে চলবে না।",2,1,2,2,2
প্রধানমন্ত্রী তারেক রহমানের উচিত আগে জনগণের মৌলিক সমস্যাগুলা সমাধান করা........,2,1,2,2,2
"প্রধানমন্ত্রী তারেক রহমানের সরকার যেন আগের সরকারগুলার ভুল থেকে শিক্ষা নেয়,,,",2,1,2,2,2
তারেক রহমান ভালো কাজ করলে জনগণ অবশ্যই তার মূল্যায়ন করবে।,2,1,2,2,2
জিয়ার আদর্শ বুকে ধারণ করেই তারেক রহমানের সামনে এগিয়ে চলা উচিত।,2,1,2,2,2
বিএনপির প্রত্যেকটা নেতার উচিত জিয়াউর রহমানের আদর্শে রাজনীতি করা।,2,1,2,2,2
খালেদা জিয়ার আদর্শে উজ্জীবিত হয়ে সামনে এগিয়ে চলুক বিএনপি..... এটাই প্রত্যাশা।,2,1,2,2,2
খালেদা জিয়ার মতো অন্যায়ের বিরুদ্ধে সংগ্রাম করা প্রত্যেকটা বিএনপি নেতা নেত্রীর আদর্শ হওয়া উচি,2,1,2,2,2
নিজের দলের লোক অপরাধ করলেও যদি ব্যবস্থা নেয় তখন বুঝব সরকার সত্যি কাজ করছে...,2,1,2,2,2
জনগণের ভোটের সম্মান রাখাই সরকারের প্রথম দায়িত্ব।,2,1,2,2,2
বিএনপি ভালো কাজ করলে প্রশংসা করব...........ভুল করলে প্রতিবাদও করব।,2,1,2,2,2
৩৫ বছর পরে আমরা অহংকার মুক্ত প্রধানমন্ত্রী তারেক রহমানকে পেয়েছি তারেক রহমানকে আমরা কখনো হারিয়ে যেতে দেব না,2,1,2,2,2
"সরকার দেশের তরুণ সমাজকে চতুর্থ শিল্পবিপ্লবের উপযোগী করে তুলতে কৃত্রিম বুদ্ধিমত্তা (AI), মেশিন লার্নিং ও সাইবার নিরাপত্তার মতো অত্যাধুনিক প্রযুক্তিতে বিনামূল্যে ও বিশেষ প্রশিক্ষণের উদ্যোগ গ্রহণ করেছে।",2,1,2,2,2
শুভকামনা মাননীয় প্রধানমন্ত্রী তারেক রহমান। সবার আগে বাংলাদেশ,2,1,2,2,2
"এগিয়ে যান মাননীয় প্রধানমন্ত্রী, পাশে আছে বাংলাদেশ",2,1,2,2,2
"জাতির জন্য স্বাস্থ্য খুবই গুরুত্বপূর্ণ, চতুর উদ্যোগ, আমাদের জাতির প্রধানমন্ত্রীর উজ্জ্বল পদক্ষেপ!",2,1,2,2,2
"আলহামদুলিল্লাহ বাংলার অহংকার জননন্দিত জননেতা, মাননীয় প্রধানমন্ত্রী জনাব তারেক রহমান মহোদয়ের নেতৃত্বে বাংলাদেশ দ্রুত উন্নয়নে এগিয়ে যাচ্ছে।",2,1,2,2,2
তারেক রহমান একটি রাজনৈতিক দর্শন।,2,1,2,2,2
জনাব তারেক রহমান বিশ্ব রাষ্ট্রনীতি ও রাজনীতির এই যুগের সংস্কারক।,2,1,2,2,2
"জনাব তারেক রহমান কোন দলের,গোষ্ঠীর, ব্যক্তির সম্পদ নয়, বাংলাদেশের সম্পদ।",2,1,2,2,2
তিনি যেভাবে রাষ্ট্র পরিচালনা করছেন তা বিশ্বের সকল রাষ্ট্র প্রধানদের জন্য রোল মডেল হতে পারে।।,2,1,2,2,2
এটা একটা মানবিক উদ্যোগ। এতে দেশের জনগণ উপকৃত হচ্ছে। জিয়াউর রহমান ফাউন্ডেশনের সকল কার্যক্রম সফল ও সার্থক হউক। সবার আগে বাংলাদেশ।,2,1,2,2,2
আমি জিয়াকে ভালোবাসি,2,1,2,2,2
"শত অত্যাচার ও প্রতিকূলতার মাঝেও দেশনেত্রী বেগম খালেদা জিয়া ছিলেন অদম্য ও অবিচল। তিনি আমাদের জন্য সাহসের অনুপ্রেরণা ,",2,1,2,2,2
বিএনপি সরকার জিন্দাবাদ।,2,1,2,2,2
ভোটের কালি মুছে যাবার আগেই প্রতিশ্রুতি পূরণ করছেন মাননীয় প্রধানমন্ত্রী জনাব তারেক রহমান,2,1,2,2,2
গভীর শ্রদ্ধার সাথে স্মরণ করছি সাবেক রাষ্ট্রপতি জিয়াউর রহমান বীর উত্তম ও সাবেক প্রধানমন্ত্রী বেগম খালেদা জিয়া কে। উনাদের দেশের প্রতি অবদান জাতি মনে রাখবে। নতুন নেতৃত্বের জন্য শুভকামনা রইলো।,2,1,2,2,2
জিয়াউর রহমানের মতো খাল খনন কইরা দেশে বন্যা আর জলাবদ্ধতা মোকাবেলার চেষ্টা করতেছেন তারেক রহমান।,2,1,2,2,2
রাইট লিডার জনাব তারেক রহমানকে সুভিচছা অভিনন্দন মোঃ মহিউদ্দিন মৃধা পিরোজপুর জেলা সদর থানা পিরোজপুর ঢাকা মহানগর মৎস্য জীবী দল,2,1,2,2,2
দিন যতো যাচ্ছে বিএনপির জনপ্রিয়তা ততো বাড়ছে। দেশের ৯৫ % মানুষ বিএনপিকে ভোট দিবে।,2,1,2,2,2
তারেক রহমান ই হবে বাংলাদেশের আগামীর রাষ্ট্রনায়ক।,2,1,2,2,2
জাতীয়তাবাদী দল বিএনপি'র মাধ্যমে দেশে ন্যায়বিচার প্রতিষ্ঠা হবে ইন শা আল্লাহ,2,1,2,2,2
তারেক রহমান জিন্দাবাদ 🌾🌾🌾 বি এন পি জিন্দাবাদ🌾🌾,2,1,2,2,2
বাংলাদেশের গণতন্ত্র উত্তরণে তারেক রহমান এর বিকল্প নেই।,2,1,2,2,2
শহীদ প্রেসিডেন্ট জিয়াউর রহমানের আদর্শকে সামনে রেখে আমাদের এগিয়ে চলতে হবে।,2,1,2,2,2
শহীদ প্রেসিডেন্ট জিয়াউর রহমানের আদর্শ মেনে চললে বিএনপি দেশের মানুষের ভালোবাসা ও সম্মানে থাকতো।,2,1,2,2,2
জনতার জিয়া চির অম্লান,2,1,2,2,2
জিয়াউর রহমান একজনই,2,1,2,2,2
অনেক জিনিয়াস একজন রাষ্ট্র প্রধান ছিলো। আল্লাহ তা'য়ালা জান্নাতুল ফেরদৌস দান করুনআমিন,2,1,2,2,2
শহীদ জিয়াউর রহমান আল্লাহ তার প্রতি রহম করুন।,2,1,2,2,2
আমাদের জিয়া,2,1,2,2,2
বাংলাদেশ জাতীয়বাদী দল জিন্দাবাদ,2,1,2,2,2
আগামী রাষ্ট্র নায়ক জননেতা জনাব তারেক রহমান বাংলাদেশ জাতীয়তাবাদী দল জিন্দাবাদ 🌾♥️🇧🇩 ভালোবাসা অবিরাম,2,1,2,2,2
জাতীয়তাবাদী ও গণতন্ত্র বিশ্বাসী দল বিএনপির নেতাকর্মীরা জনগণের সেবক হয়ে দায়িত্ব পালন করবে🇧🇩🥰🥰✊✊,2,1,2,2,2
তারেক রহমান দেশও জাতির নেতা,2,1,2,2,2
বিএনপি একমাত্র দল যা কিনা মানুষ দুঃখ-কষ্ট বুঝে ১৭ বছর ক্ষমতা নাই তবুও মানুষের পাশে ছিলেন থাকবে আশা করি,2,1,2,2,2
বিএনপির অবদানের কথা আমরা কখনো ভুলবো না,2,1,2,2,2
বাংলাদেশ জাতীয়তাবাদী দল বিএনপি জিন্দাবাদ জিন্দাবাদ জিন্দাবাদ,2,1,2,2,2
বাংলাদেশ দেশের অপর নাম তারেক রহমান বাবা ছিলেন রাষ্ট্রপতি মা ছিলেন প্রধানমন্ত্রী এরকম নেতা পৃথিবীর বুকে আর নাই,2,1,2,2,2
"এরা ক্ষমতায় আসার পর মনে হচ্ছে সরকারবিহিন একটা দেশে বাস করছি, কোনো আইন শৃঙ্খলাই নাই।",2,3,2,2,2
নতুন ফ্যাসিস্ট শক্তি,2,3,2,2,2
নব্য স্বৈরাচার,2,3,2,2,2
"চাঁদাবাজির অভিযোগগুলো আগে বন্ধ করেন, তারপর বড় বড় কথা বলেন।",2,3,2,2,2
বিএনপিকে নিয়ে মানুষের প্রত্যাশার চেয়ে সন্দেহই বেশি।,2,3,2,2,2
বিএনপির নিজেদের দলের ভেতরেই তো অনেক সমস্যা।,2,3,2,2,2
"কথায় গণতন্ত্র, কাজে কতটা গণতন্ত্র থাকবে",2,3,2,2,2
এত বছর রাজনীতি করেও সাধারণ মানুষের আস্থা পুরোপুরি অর্জন করতে পারেনি।,2,3,2,2,2
বিএনপি ক্ষমতায় থাকলে দুর্নীতি কমবে এমন নিশ্চয়তা কোথায়?,2,3,2,2,2
‎চান্দা রেডি।,2,3,2,2,2
দলীয় স্বার্থের আগে দেশের স্বার্থকে গুরুত্ব দেন বুঝলেন তারেক সাহেব?,2,3,2,2,2
"জনগণ এখন আবেগ নয়, ফলাফল দেখতে চায় চাদাবাজদল একটা",2,3,2,2,2
"কথায় গণতন্ত্র, কাজে কতটা গণতন্ত্র থাকবে সেটাতো কয়েক মাসেই আমরা বুঝতে পারছি।",2,3,2,2,2
এবার শেখ হাসিনার চেয়েও ভয়ঙ্কর দেশের অবস্থা করবে বিএনপি,3,3,2,2,2
‎কারেন্ট নাই তারেক সাহেব।‎আমরা কারেন্ট চাই,2,3,2,2,2
"‎ধানের শীষে, জালিয়াতিতে শীর্ষে।",2,3,2,2,2
"ধানের শীষ, দেশ শেষ",2,3,2,2,2
"দূর্নীতি, চাঁদাবাজি বন্ধ হোক, দেশের স্বার্থ সবার আগে। ২৪ এর কথা স্মরণ রাখা দরকার বিএনপির, নয়তো পরিনতি ভালো হবে না।।",2,3,2,2,2
এককথায় চাঁদাবাজ দল মানেই বাংলাদেশ জাতীয়তাবাদী দল ।,2,3,2,2,2
আব্বাস চাঁদাবাজ! আব্বাস চাঁদাবাজ!,2,3,2,2,2
আব্বাসের মতো এত বড় মাফিয়া সন্ত্রাস চাঁদাবাজকে বিএনপি এত বড় একটা দায়িত্ব কীভাবে দিল...,2,3,2,2,2
বিএনপি একটি চাঁদাবাজ সংগঠন ।,2,3,2,2,2
বিএনপির বেশিরভাগ নেতারাই চাঁদাবাজি করে । তারা চাঁদা না দিলে মানুষ খুন করতেও পিছপা হয় না ।,2,3,2,2,2
বিএনপির ছোট বড় সব নেতারাই চাঁদাবাজিতে ওস্তাদ ।,2,3,2,2,2
জিয়াউর রহমান বিএনপির এত অধপতন দেখলে হার্ট অ্যাটাক করত ।,2,3,2,2,2
বিএনপির বেশিরভাগ নেতারাই বড় বড় মাফিয়া সন্ত্রাসী এবং অবশ্যই চাঁদাবাজ ।,2,3,2,2,2
বিএনপির ছাত্রদল আর যুবদলের কাছে নাই এমন কোনো দেশীয় অস্ত্র নয় । তারা ভয়ানক সন্ত্রাসী ।,2,3,2,2,2
আওয়ামী লীগ বিএনপি দুইটাই সন্ত্রাসী সংগঠন ।,3,3,2,2,2
বিএনপি বছর খাইতে পারে নাই এজন্য বুভুক্ষের মতো এখন দেশটার উপর ঝাঁপায়া পড়ছে। ,2,3,2,2,2
কয়েক মাসেই দেশটাকে খাইয়া সাফ কইরা ফেলতেছে।,2,3,2,2,2
‎চোর চোর ভোট চোর,3,3,2,2,2
সতেরো বছর ধইরা না খাইতে পাইরা বিএনপির নেতাগুলা এতটাই ক্ষুধার্ত যে এখন একদম হাইনার মতো ঝাপাইয়া পড়ছে দেশটারে কয়েক মাসেই গিল্লা খাইতাছে ।,2,3,2,2,2
কয়েক মাসেই দেশটাকে শেষ কইরা দিল।,2,3,2,2,2
বিএনপিতে কোনো ভালো সভ্য মার্জিত মানুষ আছে বলে আমার মনে হয় না ।,2,3,2,2,2
ধানের শেষ মানেই বিষাক্ত বিষ ।,2,3,2,2,2
বিএনপিতে এখন আর বেগম খালেদা জিয়ার মতো দেশপ্রেমিক কেউই নাই ।,2,3,2,2,2
এরা ক্ষমতা পাওয়ার লোভে যা ইচ্ছা তাই করছে ।,2,3,2,2,2
যে মানুষ সারা জীবন বিদেশে কাটিয়েছে লন্ডনে ছিল নিজের দেশ সম্পর্কে কোনো আইডিয়া নেই সে কিভাবে একটা দেশের প্রধান মন্ত্রী হতে পারে বিএনপি বিএনপির বুদ্ধি কি লোক পেলো?,2,3,2,2,2
সালাউদ্দিন সাহেব সারা জীবন ইন্ডিয়াতে গা ঢাকা দিয়েছিল । সে এখন হয়ে গেলো আপনাআপনি স্বরাষ্ট্র মন্ত্রী । কী সুন্দর বিচার ।,2,3,2,2,2
সে ইন্ডিয়ার র এজেন্ট।,2,3,2,2,2
একটা মন্ত্রীরেও আমার পছন্দ না ।,2,3,2,2,2
খাই খাই দল।,2,3,2,2,2
আওয়ামী লীগ যেমন সতেরো বছর ভোট চুরি কইরা ক্ষমতায় ছিল বিএনপিও সতেরো বছর পর আওয়ামী লীগের মতো ভোট চুরি কইরা ক্ষমতায় আসছে ।,3,3,2,2,2
আওয়ামী লীগ আর বিএনপি পরিবারতন্ত্র ছাড়া কি কিছুই বুঝে না? এদের হাত থেকে দেশের মানুষ কবে রেহাই পাবে?,3,3,2,2,2
পরিবারতন্ত্র নিপাত যাক বাংলাদেশ রেহাই পাক।,3,3,2,2,2
মানুষ এখন কোথাও নিরাপদ না.... নিরাপত্তাহীনতা সবদিকে এখন দেশে কোনো ব্যবস্থাই নাই ।,2,3,2,2,2
ঘরের ভিতরেও মানুষের নিরাপত্তা নাই ..খুন ধর্ষণ ডাকাতি সবই চলতেছে ,2,3,2,2,2
দেশে ধর্ষণ আর খুনের হার দিন দিন বেড়েই চলেছে কোনো বিচার ব্যবস্থাই নাই আমাদের প্রধানমন্ত্রী কি কিছুই দেখে না?,2,3,2,2,2
নিজের ঘরের কেউ ধর্ষণের শিকার না হলে এর কষ্ট আন্দাজ করতে পারবে না তাই হয়তো সরকার দল কোনো ব্যবস্থাই নিচ্ছে না ।,2,3,2,2,2
"দেশে কোনো বিচার ব্যবস্থাই নাই,,মনে হচ্ছে সরকার বিহীন একটা দেশে বসবাস করছি .",2,3,2,2,2
বিএনপি ক্ষমতায় এসে আওয়ামী লীগেরই প্রতিফলন ঘটাচ্ছে ।,2,3,2,2,2
বিএনপি যদি ফ্যাসিজম প্রতিষ্ঠা করতে চায় জনগণ আওয়ামী লীগের মতই তাদেরও শেষ পরিণতি করবে ।,3,3,2,2,2
সতেরো বছর এরা লীগের অত্যাচারে মজলুম হয়েছিল এখন এরা জালিমের রূপ ধারণ করতে চায় ।,3,3,2,2,2
মজলুম যখন জালিম হয়ে যায় তারই রূপ আমরা দেখতে পাচ্ছি ।,2,3,2,2,2
"আওয়ামী লীগ আর বিএনপি দুইটাই সেম, ...দুইটাই বিষফল।",3,3,2,2,2
স্বৈরাচার হাসিনাই নব্য জালিম বিএনপিকে শায়েস্তা করার জন্য পারফেক্ট।,3,3,2,2,2
"বিএনপির আমলে কোনদিনই গ্যাস, ..কারেন্ট কিছুই থাকে না ।",2,3,2,2,2
বুঝলাম না বিএনপি সরকারের ক্ষমতায় আসলেই দেশ থেকে কারেন্ট আর গ্যাস কোথায় উধাও হয়ে যায়? এগুলো কী ভাই?,2,3,2,2,2
সারা রাস্তা ভর্তি গাড়ি গ্যাস নিতে পারতেছে না বাসায় গেলে কারেন্ট নাই এই হইল দেশের অবস্থা কোনোখানেই শান্তি নাই ।,2,3,2,2,2
"রান্না করতে গেলে গ্যাস নাই, বাহিরে বাইর হইলে গাড়িতে গ্যাস নাই, বাসায় আসলে কারেন্ট নাই, এইভাবে কি বাঁচা যায়?",2,3,2,2,2
ঘরের বাইরে গেলে ভয়ে থাকি কখন জানি খুন হইয়া যাই .. এ দেশটাতে কোনো নিরাপত্তা নাই ।,2,3,2,2,2
"নির্বাচন হওয়ার আগে তারা শুধু একটা কথাই বলত নির্বাচন দেন সব ঠিক হয়ে যাবে ,,, এখন কী ঠিক হল সেটাই বুঝতে পারছি না ।",2,3,2,2,2
এই দলটা সারাক্ষণ নির্বাচন নির্বাচন করেই মুখে ফেনা তুলে ফেলত ..নির্বাচন হলেই বলে দেশ ঠিক হবে । কিন্তু এখন তো দেশের অবস্থা আরো খারাপ ।,2,3,2,2,2
"বিএনপি শুধু নির্বাচন চাইত দেশটা লুটপাট করে খাওয়ার জন্যই ,, এছাড়া আর কোনো কারণ নেই ।",2,3,2,2,2
তারেক সাহেব তো সবসময়ই বলতেন “আই হাভ এ প্ল্যান আই হাভ এ প্ল্যান” তো দেশের যে এত খারাপ অবস্থা ধর্ষণ খুন রাহাজানি এগুলা কি সব এই আই হাভ এ প্ল্যান এরই অংশ?,2,3,2,2,2
আসছে রেআসছে কার্ডওয়ালা আসছে! 😄,2,3,2,2,2
হাসিনা উন্নয়ন উন্নয়ন করে জনগণকে পট্টি পরায় রাখছিল আর তারেক সাহেব কার্ড কার্ড করে জনগণকে পট্টি পরাতে আসছে ।,3,3,2,2,2
ফ্যামিলি কার্ড কৃষি কার্ড এই কার্ড সেই কার্ড কত রকমের কার্ড। কিন্তু গরিব মানুষরা সেগুলোর নাগালি পাচ্ছে না ।,2,3,2,2,2
দুর্নীতিতে এক নাম্বার,2,3,2,2,2
‎বাংলাদেশের এই প্রথম তারেক রহমানের জীবনে প্রধানমন্ত্রী হলেন ভোট ডাকাতি করে,2,3,2,2,2
‎যারা দুর্নীতিতে শীর্ষ তারা কখনো লিগেল কিছু করতে যাবে না দুর্নীতি করেই ক্ষমতায় গিয়েছে,2,3,2,2,2
‎দেশের বিভিন্ন স্থানে অন্যদলের কর্মীদের উপর হামলা হচ্ছে। অথচ বি এন পি কেন্দ্রীয় পর্যায় থেকে কোন ব্যবস্থা নিচ্ছেনা,2,3,2,2,2
গ্যাস দে বিদ্যুৎ দে ‎নইলে গদি ছাইড়া দে ‎দূর্নীতি করা ছাইড়া দে,2,3,2,2,2
"ানের শীষে, ‎ইঞ্জিনিয়ারিংয়ে শীর্ষে.....",2,3,2,2,2
‎কারেন্ট টা ভালো ভাবে দিস,2,3,2,2,2
চাঁদাবাজির দল কোথাকার,2,3,2,2,2
আল্লাহ ছাড় দে ছেড়ে দে না ‎দেশের মানুষ কে কি হারে কষ্ট দিতেছে বিএনপি,2,3,2,2,2
‎জনগণের কল্যাণে কাজ করতেছে না করতেছে দলের কল্যাণে,2,3,2,2,2
‎মাদক ঘরে ঘরে পৌছে দিচ্ছেন।,2,3,2,2,2
আওয়ামী লীগরে তাড়াইয়া কোনো লাভই হয় নাই। আওয়ামী লীগেরই আরেক রূপ হইল এই বিএনপি।,3,3,2,2,2
বিএনপি সরকারে এসে জনগণের প্রত্যাশা পূরণ করতে পুরোপুরি ব্যর্থ হয়েছে।,2,3,2,2,2
এত বড় বড় প্রতিশ্রুতি দিয়েও বাস্তবে মানুষের জীবনে তেমন কোনো পরিবর্তন দেখা যাচ্ছে না।,2,3,2,2,2
দেশের বর্তমান অবস্থা দেখে মনে হচ্ছে সরকার পরিস্থিতি সামলাতে হিমশিম খাচ্ছে।,2,3,2,2,2
বিএনপির শাসনে জনগণের ভোগান্তি কমার বদলে আরও বেড়েছে বলে মনে হচ্ছে।,2,3,2,2,2
"নির্বাচনের আগে যে আশ্বাস দেওয়া হয়েছিল, ,তার সঙ্গে বর্তমান বাস্তবতার কোনো মিল পাচ্ছি না।",2,3,2,2,2
বিএনপির এতদিনের কথাবার্তার সঙ্গে তাদের কাজের কোনো মিল নেই।,2,3,2,2,2
জনগণের সমস্যার সমাধান করার চেয়ে বিএনপি রাজনৈতিক হিসাবনিকাশ নিয়েই বেশি ব্যস্ত।,2,3,2,2,2
ক্ষমতায় আসার পর বিএনপির কাছ থেকে যে পরিবর্তন আশা করেছিলাম তার কিছুই দেখতে পাচ্ছি না।,2,3,2,2,2
বিএনপি সরকারকে দেখে মনে হচ্ছে দেশ পরিচালনার জন্য তারা এখনও প্রস্তুত নয়।,2,3,2,2,2
গ্যাসের সমস্যায় মানুষ ভুগছে... সরকারের কার্যকর সমাধান চোখে পড়ছে না।,2,3,2,2,2
বিদ্যুৎ নিয়ে মানুষের ভোগান্তি থাকলেও সমস্যার স্থায়ী সমাধান কই,2,3,2,2,2
রাস্তায় গাড়ির দীর্ঘ লাইন বাসায় বিদ্যুতের সমস্যা জনগণ যাবে কোথায়?,2,3,2,2,2
বাজারের অস্বস্তিকর পরিস্থিতিতে সাধারণ মানুষের কষ্ট দিন দিন বাড়ছে।,2,3,2,2,2
দ্রব্যমূল্যের চাপ কমানোর ব্যাপারে বিএনপি সরকারের কার্যকর উদ্যোগ কোথায়?,2,3,2,2,2
জনগণ উন্নয়নের কথা শুনে বাস্তবে শুধু ভোগান্তিই দেখছে।,2,3,2,2,2
দেশের আইনশৃঙ্খলা নিয়ে মানুষের মধ্যে উদ্বেগ বাড়লেও সরকারকে যথেষ্ট সক্রিয় মনে হচ্ছে না।,2,3,2,2,2
নিরাপত্তার ব্যাপারে সাধারণ মানুষের ভয় কমানোর মতো কার্যকর ব্যবস্থা চোখে পড়ছে না।,2,3,2,2,2
অপরাধ দমনে ব্যর্থতার অভিযোগগুলো সরকারকে গুরুত্ব দিয়ে দেখা উচিত।,2,3,2,2,2
"দেশের মানুষ বিচার ও নিরাপত্তার নিশ্চয়তা চায়, শুধু রাজনৈতিক বক্তব্য নয়।",2,3,2,2,2
"বিএনপির নেতাকর্মীদের মধ্যকার কোন্দলই যদি সামলাতে না পারে, তাহলে দেশ কীভাবে সামলাবে?",2,3,2,2,2
দলের ভেতরের দ্বন্দ্ব দেখে বিএনপির সাংগঠনিক সক্ষমতা নিয়ে প্রশ্ন জাগে।,2,3,2,2,2
দলীয় কোন্দল মেটাতে না পারলে সরকার পরিচালনায় আস্থা তৈরি হবে কীভাবে,2,3,2,2,2
বিএনপির রাজনীতিতে ব্যক্তিস্বার্থের প্রভাব অনেক বেশি বলে মনে হয়।,2,3,2,2,2
বিএনপির মধ্যে ঐক্যের অভাব তাদের রাজনৈতিক ভাবমূর্তিকে ক্ষতিগ্রস্ত করছে।,2,3,2,2,2
দলের ভেতরের সংঘাত দেখে সাধারণ মানুষ হতাশ হচ্ছে।,2,3,2,2,2
বিএনপি যদি নিজেদের কর্মীদেরই নিয়ন্ত্রণে রাখতে না পারে তাহলে বড় দায়িত্ব সামলাবে কীভাবে,2,3,2,2,2
শুধু কার্ডের ঘোষণা দিলেই তো মানুষের সমস্যার সমাধান হয় না।,2,3,2,2,2
কার্ড নিয়ে এত প্রচারণা হচ্ছে বাস্তব সুবিধা কতজন পাচ্ছে সেটাই বড় প্রশ্ন।,2,3,2,2,2
এত কার্ডের কথা শুনছি গরিব মানুষের হাতে বাস্তবে সেগুলো পৌঁছাচ্ছে কোথায়?,2,3,2,2,2
গরিব মানুষের জন্য প্রকল্প হলে তার সুবিধা সত্যিই দরিদ্র মানুষের কাছে পৌঁছানো দরকার।,2,3,2,2,2
বিএনপির প্রতিশ্রুতির তালিকা অনেক বড়......বাস্তবায়নের চিত্র খুবই হতাশাজনক।,2,3,2,2,2
"নির্বাচন নিয়ে এত কথা বলা হয়েছিল, কিন্তু নির্বাচন হওয়ার পরও মানুষের ভোগান্তি কমল না।",2,3,2,2,2
নির্বাচনকে সব সমস্যার সমাধান হিসেবে দেখানো হলেও বাস্তব পরিস্থিতি তেমন কিছু বলছে না।,2,3,2,2,2
সরকার বদলালেই যে দেশের সব সমস্যা সমাধান হয় না বিএনপি সেটাই দেখাচ্ছে।,2,3,2,2,2
চাকরি বাজার আর নিরাপত্তা সব দিক থেকেই তরুণদের মধ্যে হতাশা বাড়ছে।,2,3,2,2,2
"শুধু পরিকল্পনা আছে বললেই হবে না, সেই পরিকল্পনার ফল জনগণকে দেখাতে হবে।",2,3,2,2,2
"বিএনপি ক্ষমতায় এসে মানুষের আস্থা অর্জনের বড় সুযোগ পেয়েছিল, কিন্তু সেই সুযোগ নষ্ট করছে বলে মনে হচ্ছে।",2,3,2,2,2
"দেশের মানুষ শান্তি ও স্থিতিশীলতা চায়, রাজনৈতিক সংঘাত আর বিশৃঙ্খলা নয়।",2,3,2,2,2
"বিএনপি যদি জনগণের সমস্যাগুলো দ্রুত সমাধান করতে না পারে, তাহলে তাদের প্রতি মানুষের হতাশা আরও বাড়বে।",2,3,2,2,2
খুনি সন্ত্রাশি তারেক,2,3,2,2,2
শহীদ প্রেসিডেন্ট জিয়াউর রহমানের আদর্শ মেনে চললে বিএনপি দেশের মানুষের ভালোবাসা ও সম্মানে থাকতো। কিন্তু এখনকার বিএনপি চলে টেম্পুস্টেশনর চাঁন্দা আব্বাসদের মেনে …,2,3,2,2,2
জিয়াউর রহমান যেই আশা নিয়ে জাতিবাদী দল গঠন করেছিলেন বর্তমানে বিএনপিতে তার কিছুই অবশিষ্ট নেই জিয়াউর রহমান আর বর্তমান বিএনপি আকাশ জমিন তফাৎ হয়ে গেছে।,2,3,2,2,2
কিন্তু তার পোলা খাম্বা কাটার চিন্তা করে।,2,3,2,2,2
জিয়াউর রহমানের জন্মদিন কবে সেটা বিএনপি এর 95% কর্মী জানে না.,2,3,2,2,2
"তিনি ছিলেন একজন আদর্শবান নেতা, আর এখন দলটাতে চামচায় ভরপুর ",2,3,2,2,2
জিয়াউর রহমানের আদর্শের বিমপি এখন আর নাই!,2,3,2,2,2
আপনাদের দলের অভারঅল নেতাকর্মীর মধ্যে জিয়াউর রহমানের আদর্শ ১০% ও ফ্লো করেনা।,2,3,2,2,2
এখন বিএনপির কাজ জিয়াউর রহমান সাহেবের নাম বিক্রি করে খাওয়া,2,3,2,2,2
"খাল কাটতে টাকা লাগে,আর টাকা আসে চান্দায়🫶",2,3,2,2,2
খালের মাটি কই ফালানো হবে নাকি লুট করা হবে খেয়াল রাইখেন নেতা,2,3,2,2,2
চাঁদাবাজি করলে কি হবে,2,3,2,2,2
সবার সমান অধিকার হলে টেম্পু স্ট্যান্ড দখল করবে কে,2,3,2,2,2
"অসহায় মানুষ দিশেহারা মানুষ দের কে,, রাজনৈতিক দুর্বৃত্তি দের হাতে পাঠার ভলী হয়ে আসছে ৫৪ বছর ধরে,, বর্তমান সময়ে আরো ভয়াবহ ভংকর অবস্থায়,,, তাই???",2,3,2,2,2
খাম্বা বাইরে ফিটফাট ভিতরে সদরঘাট....পাথর খেকো খাম্বার চোখ ...এবার ৫ কোটি বৃক্ষ।,2,3,2,2,2
নেতারা চাঁদা নেয় জনগণ চাঁদা দেয় এটাই কি সমান অধিকার,2,3,2,2,2
কি ভাবে চাদা তুলে,2,3,2,2,2
পাবলিক বুঝে গেছে কারণ পাবলিক কে বুজানোর জন্য চাপা আর দল চালানোর জন্য চাঁদা,2,3,2,2,2
এই জন্য এক বছরে ৭৮ জন খুন,2,3,2,2,2
তাহলে চাঁদাবাজি লুটপাট খাম্বাসুরি পাথর চুরি এগুলো কারা করবে,2,3,2,2,2
দলীয় লোক বাদে সবাইকে তো প্রজা ভাবেন।,2,3,2,2,2
আগেতো জাতীয় বিষয় ছিলো ভিতরে ডিছিসান মেকার। এখন আন্তর্জাতিক বিষয় ডিছিসান মেকার বাহিরে তাদের পুতুল সরকার দরকার অতএব দাবার চাল বড়ই কঠিন।,2,3,2,2,2
চুরি ডাকাতি আর ফ্যাসিবাদ ফিরানোর চিন্তা বাদ দিয়ে পি আর পদ্ধতি মেনে নিন।,2,3,2,2,2
তার আগে তো দেশ খেয়ে ফেলছ তারপর তো দেশে বিক্রি করে লন্ডনে গিয়ে বাসের জন্য অপেক্ষা করে ছবি দিবে। এসব দুই নাম্বারি মানুষ বুজে,2,3,2,2,2
"লিডার আপনি নিরপেক্ষভাবে গোয়েন্দা দিয়ে খোঁজ নিয়ে দেখেন,,,,,, বাংলাদেশ একমাত্র দল বিম্পি যার বিজয়ের আগে মানুষে পতনের জন্য দোয়া করে,,,তার কারণ টা কি আপনার দলের সিনিয়রদের কে জিজ্ঞাসা করুন???",2,3,2,2,2
তারেক জিয়া রাজনৈতিক মাঠে আবার ও হারবে। নমিনেশন এহন না দেলে দলে মধ্যে সমস্যা তৈরি হবে,2,3,2,2,2
তাইতো বলি বিএনপি যতই ফালাফালি করুক কোন লাভ নাই বিএনপিকে অনেক ভালবাসতাম কিন্তু তাদের যে কাজকর্ম শুরু হয়ে গেছে ঘৃণা করা ছাড়া কিছুই নাই,2,3,2,2,2
আর কতো কাল ভিডিও সার্ভিস দিবে,2,3,2,2,2
সারাজীবন যেনো সে ভিডিও কলেই সার্ভিস দিতে পারে জনগণ সে ব্যবস্থা করতেছর।,2,3,2,2,2
লন্ডন থেকে ভিডিও সার্ভিস কবে বন্ধ করে দেশে আসবে,2,3,2,2,2
বিএনপির নেতাদের কথাবার্তা শুনলেই বমি আসে।,2,3,2,2,2
চাঁদাবাজের বাচ্চা।,2,4,2,2,2
এই বুইরা আব্বাস মনে হয় চাঁদাবাজি করতে করতেই মরব।,2,4,2,2,2
"ব তে বদমাশ, ব তে বিএনপি😂😂",2,4,2,2,2
বিএনপির শয়তানগুলা চাঁদার জন্য মানুষের জান কেড়ে নেয়।,2,4,2,2,2
জিয়াউর রহমানের এত সুন্দর করে গড়ে তোলা বাংলাদেশ জাতীয়তাবাদী দলকে এখন বিএনপির পাতি নেতারা শয়তানগুলা চাঁদাবাজির সংগঠন বানিয়ে ফেলছে ।,2,4,2,2,2
বিএনপির শয়তান রাঘব বোয়াল নেতাগুলা বেশিরভাগই বড় বড় মাফিয়া সন্ত্রাস চাঁদাবাজ ।,2,4,2,2,2
"শয়তান ছাত্রলীগ যুবলীগের কাছে যেমন সব অস্ত্র ছিল, এই বিএনপির ছাত্রদল যুবদলের কাছেও ঠিক সব সন্ত্রাসীদের অস্ত্র আছে। তারা কোনো মানুষ না। তারা অমানুষের বাচ্চা। খুনি। এইগুলাকে দিয়া কেমনে দেশ চালাবে বিএনপি...........",4,4,2,2,2
কুত্তালিক কুত্তাদল দুইটাই সন্ত্রাসী সংগঠন ।,4,4,2,2,2
‎চাদা বাজি সালা রা.🤣🤣,2,4,2,2,2
‎খাম্বা বাবা তারাতাড়ি লাগেজ রেডি কর পরে সময় পাবি না,2,4,2,2,2
"‎আগে স্বপ্ন না দেখিয়ে কাজ দেখান,যাতে জনগণের কল্যাণ আছে,স্বপ্ন দেখতে দেখতে আমরা ক্লান্ত বুঝলি ভেরার পাল।।।",2,4,2,2,2
অসৎ ভাবে জিতার চেয়ে সৎ ভাবে হারা অনেক সম্মানের বুঝলি হারামজাদারা..........,2,4,2,2,2
বাংগির পুতেরা ক্ষমতায় আসার পর দেশটা আরো রসাতলে যাইতাসে।।।,2,4,2,2,2
জানোয়ারগুলো হলো নব্য স্বৈরাচার,2,4,2,2,2
অমানুষগুলা নিজেদেরকে নতুন ফ্যাসিস্ট শক্তি হিসাবে তৈরি করতে চাচ্ছে,2,4,2,2,2
কুত্তালিক কুত্তাদল দুইটাই সন্ত্রাসী.........,4,4,2,2,2
"সতেরো বছর ধইরা না খাইতে পাইরা বিএনপির নেতাগুলা এতটাই ক্ষুধার্ত যে এখন একদম হায়নার মতো ঝাঁপাইয়া পড়ছে, দেশটারে কয়েক মাসেই গিল্লা খাইতাছে।",2,4,2,2,2
কুত্তা দল কয়েকটা মাস যাইতে না যাইতেই দেশটার সব টাকা-পয়সা পাচার কইরা দিলো। ,2,4,2,2,2
"কুত্তা দল কয়েকটা মাস যাইতে না যাইতেই  দেশটা একদম খাইয়া ফেললো, ধ্বংস সব।",2,4,2,2,2
জিয়াউর রহমানের ভালোবাসার জাতীয়তাবাদী দল এখন টোকাই-বস্তির ছেসরাদের দলে পরিণত হইতেছে।,2,4,2,2,2
ছাত্রদলের সবগুলিই বস্তিয়ার টোকাইয়ের পোলাপাইন শালা ফকিন্নির দল।,2,4,2,2,2
পুরা দলটাই বস্তি অসভ্য উগ্র টোকাই বাহিনী দিয়ে ভর্তি ।,2,4,2,2,2
"শালা বিএনপির নেতাগুলা কেউই জিয়াউর রহমানের আদর্শের ধার ধারে না।
",2,4,2,2,2
এরা হচ্ছে লোভী শকুন । ক্ষমতার জন্য এরা যা ইচ্ছা তাই করতে পারে ।,2,4,2,2,2
"ক্ষুধার্ত হায়নার থেকেও এরা ভয়ংকর দেশটাকে শেষ পর্যন্ত কোন রসাতলে পাঠাবে,,,,,,,,,,কে জানে।....",2,4,2,2,2
"তারেক জিয়া আসিলো সারা বছর লন্ডনে,,,হেতে দেশের কোনো কিছু কোনো জায়গা কিছুই চিনে না। বাংলাদেশ সম্পর্কে কোনো আইডিয়াই রাখে না,,,,, হেতারে বানাইছে প্রধানমন্ত্রী হায় রে গাধার বাচ্চার দলরে!",2,4,2,2,2
"সালাউদ্দিনরে বানাইছে স্বরাষ্ট্রমন্ত্রী, হায়রে গাধার দল। এই ব্যাটা সারা জীবন লুকাইয়া আছিলো ইন্ডিয়ার ভিতরে । ইন্ডিয়ার পাচাটা কুত্তাকে বানাইল স্বরাষ্ট্রমন্ত্রী ।",2,4,2,2,2
"এই শালায় ভারতের র এজেন্ট, তারে বাংলাদেশের স্বরাষ্ট্রমন্ত্রী ক্যামনে বানাইল?",2,4,2,2,2
বেশিরভাগ বিএনপি নেতা গুলাই সব পাগলাচোদা।,2,4,2,2,2
পাগল ছাগলের দল ।,2,4,2,2,2
"চোরে চোরে মাসতুতো ভাই, আওয়ামী লীগ বিএনপি।",4,4,2,2,2
"ছিঃ ছিঃ, ভোটচোর ভোটচোর বিএনপি। আওয়ামী লীগের অনুসারী ভোটচোর বিএনপি।",4,4,2,2,2
গোলামেল পুতেরা তোরাও তো আওয়ামী লীগের মতো পরিবারতন্ত্রই শুরু করছোস।,3,4,2,2,2
এই শাউয়ামারা দল আসার পর মানুষ আরো বেশি নিরাপত্তাহীনতায় ভুগতাছে।,2,4,2,2,2
"মানুষ এখন ঘরের ভিতরও নিরাপদ না ,,,ঘরে ঢুকেও ডাকাতি, চুরি ছিনতাই ধর্ষণ খুন সবই করতেছে এই সন্ত্রাসী শয়তান বাহিনী ।",2,4,2,2,2
"এই মাদারবোর্ড দল সরকারে আসার পর দেশে ধর্ষণ আর খুনের হার ভয়ানকভাবে বাড়তেই আছে,,,, স্বরাষ্ট্রমন্ত্রী কি কিছুই জানে না, কিছুই দেখে না?",2,4,2,2,2
বদমাশগুলো অবিকল আওয়ামী লীগেরই প্রতিচ্ছবি।,3,4,2,2,2
"কুজাত দল যদি আওয়ামী লীগের মতোই আচরণ করে, তাহলে তাদের পরিণতিও একই হবে।",3,4,2,2,2
এই ভেড়ার দল গাধার বাচ্চারা সতেরোটা বছর মজলুম হইয়াছিল এখন আইছে জালিমের রূপ দেখাইতে...,2,4,2,2,2
"মজলুম যদি জালিম হতে চায়, , আমরা জনগণও জুতা দিয়া পিড়াইয়া দেশ থেইকা বাইর কইরা দিমু।",2,4,2,2,2
শয়তানের দুই রূপ হইল লীগ আর দল।,4,4,2,2,2
"বিএনপি কীরকম শয়তান, এটা জনগণ এতদিনে টের পাইয়া গেছে । এদের জন্য ডাইনি হাসিনাই ঠিক ছিল ।",4,4,2,2,2
"রাক্ষসবাদী দল ক্ষমতায় আইসছে,, কারেন্ট আর গ্যাস সব গিলা ফেলছে জনগণ এখন কই যাইব? 😅",2,4,2,2,2
এই চুতমারানিরা কারেন্ট আর গ্যাস নিয়া এমন করে কেন সেটাই বুঝি না।,2,4,2,2,2
"দেশটা একদম শেষ কইরা দিলো ,,,এক শয়তান গেছে আরেক শয়তান আইছে ।",2,4,2,2,2
খাম্বাচোর।,2,4,2,2,2
খাম্বা তারেক।,2,4,2,2,2
কারেন্ট চোর.......গ্যাস চোর ছি ছি! ,2,4,2,2,2
চোরের দলেরা। ,2,4,2,2,2
"মাদারচোদরা তোরা খাবি খা,,,,, আস্তে খা.. দেশটা তো কয়েক মাসেই একদম উজাড় কইরা ফেলছোস।",2,4,2,2,2
হায়নারদল দেশটাকে একদম রসাতলে নিয়ে গেল!,2,4,2,2,2
নির্বাচন হইলে বলেই সব ঠিক হইয়া যাইব । হারামির দল এখন তোরা কী ঠিক করলি দেশটার দেখি বলত ,2,4,2,2,2
"কুত্তার বাচ্চারা দেশটাকে একদম ধ্বংস কইরা ফেলতেছস,, নির্বাচন নির্বাচন কইরা তো একদম মুখে ফ্যানা উঠাইয়া ফেলতি.. তো এখন কি লাভটা হইল জনগণের? দেখা তোরা।",2,4,2,2,2
"এই ক্ষুধার্ত হায়নারা সারাক্ষণ নির্বাচনের কথা বলত, একমাত্র দেশটা গিলার জন্য।",2,4,2,2,2
"শাউয়ামারা ডায়ালগ আই হ্যাভ এ প্ল্যান এর রূপ কি তাহলে এই ধর্ষণ এই খুন সারা দেশজুড়ে এই রাহাজানিলুটপাট? কিরে, জবাব দে!",2,4,2,2,2
মাদারীরা কার্ড যে শুধু জনগণকে ঘোল খাওয়ানোর জন্য এগুলা আমরা বুঝি রে শালা,2,4,2,2,2
আইসে হালা কার্ড বিক্রেতা।,2,4,2,2,2
তোগো ফ্যামিলি কার্ড কৃষি কার্ড এগুলার নামই খালি শুনতেছি গরিবেরা এগুলা এখনো চোখেও দেখে নাই শালা জাউরারা ।,2,4,2,2,2
হায়রে মানুষ ছাগল দিয়ে হালচাষ করতে চায়।,2,4,2,2,2
‎দেশে কোন খাম্বা থাকবে না 😂😂😂😂,2,4,2,2,2
‎ধানের শীষ বিএনপির বিষ,2,4,2,2,2
ধানের শীষে...খাম্বা চোর শীর্ষে,2,4,2,2,2
"কাজের কাজ নাই হাম্বা হাম্বা,,",2,4,2,2,2
একটা সাওয়া কার্ড লাগবো আমার আসেনি?,2,4,2,2,2
"সারাক্ষণ খালি কার্ড কার্ড কার্ড আর কার্ড,, দেশটা যে ধ্বংস হইয়া যাইতাছে ঐদিকে কোনো নজর নাই শালাদের খালি মুখে একটাই কথা ।",2,4,2,2,2
তোগো কার্ড তোগো পুটকিতে ভরুম।,2,4,2,2,2
লন্ডন থেকে শালায় কার্ড চুদাইইতে আইছে।,2,4,2,2,2
"পাগলা ছাগলা দল একটা,,অন্য কোনো দলের মধ্যে এত কোন্দল দেখি নাই। এই বিএনপি দলের মধ্যেই, দলের ভেতরেই নেতাকর্মীদের মধ্যে দুনিয়ার অশান্তি, খুনাখুনি, মারামারি।",2,4,2,2,2
"অসভ্য বেয়াদপ একটা দল,,এরা নিজেদের নেতাকর্মী নিজেরাই মেরে ফেলে.. এদের এক নেতাকর্মী আরেক নেতাকর্মীকে মেরে ফেলে এদের নিজেদের স্বার্থের জন্য এরা সবকিছুই করতে পারে।",2,4,2,2,2
বুঝলাম না এই মূর্খের দল দেশ সামলাবে কীভাবে? এরা তো নিজেদের নেতাকর্মীদেরই সামলাতে পারছে না রক্তারক্তি লাগাই দিছে।,2,4,2,2,2
এই বেহাইয়াগুলার খালি মুখে মুখে বড় বড় কথা এই করবে সেই করবে বাল ছিঁড়ে ফেলবে। দেশের যে অবস্থা এদের নিজেদের নেতাকর্মীরাই খুনিসন্ত্রাসী। এদেরই কোনো বিচার করে না। পুরা দেশের কী বিচার করবে? পুরা দেশ কী সামলাবে?,2,4,2,2,2
বিএনপির বলদের বাচ্চাদের উচিত জামাতের কাছ থেকে শিক্ষা গ্রহণ করা। জামাত কতটা সুন্দর ও সুসংগঠিত এদের নেতাদের মধ্যে কত ভাব মিল মহব্বত। আর এই বিএনপির লোভীগুলা শুধু নিজের স্বার্থ ছাড়া কিছু বোঝে না। নিজের স্বার্থে আঘাত লাগলেই এরা নিজেদের কর্মীদেরকেও মেরে ফেলে।,2,4,2,1,2
বিএনপি সরকার হিসেবে পুরাই ব্যর্থ । এই কয়েক মাসেই যে অবস্থা করছে দেশটার পুরাই গুয়া মারা দিয়া দিছে একদম ।,2,4,2,2,2
এরা আসছে জাস্ট নিজের পকেট ভরতে । দেশের পুন*মাইরা সব আত্মসাত করাই এদের থান্দা ।,2,4,2,2,2
অসভ্য বেয়াদব বর্বর একটা দল ।,2,4,2,2,2
বোকা*চুদা দল বিএনপি।,2,4,2,2,2
"এই বদমাশ বেয়াদব বিএনপি সরকারের আমলে দেশের কোনো উন্নতি হবে না,,,এটা লিখে রাখেন ।",2,4,2,2,2
লোভি ভন্ড বিএনপি আসছেই শুধু নিজের পকেট ভরি করতে উন্নয়নের কোনো আশা বা ইচ্ছাই তাদের নাই ।,2,4,2,2,2
"শয়তানে ধরসিল মনে হয় আমাকে ধানের শীষে ভোট দিয়ে কী যে ভুলটা করলাম, এখন হাড়ে হাড়ে টের পাচ্ছি।",2,4,2,2,2
"এই লোভী হায়নার দলকে ভোট দিয়ে ক্ষমতায় আনছি,,, এখন নিজের মাথা ফাটানো ছাড়া আর কোনো কিছুই করার নায় ।",2,4,2,2,2
"এদেশে চোর নিজেই যখন চোর ধরার দায়িত্ব প্রদানকারী, তখন এসব ফাঁকাআওয়াজ।",2,4,2,2,2
শালা পাগল হয়ে গেছে প্রতিদিন একটা না একটা কিছু দেওয়া লাগে মাথা নষ্ট হয়ে গেছে,2,4,2,2,2
বলদে প্রধানমন্ত্রী হওয়ার জন্যে ভালো হতে পারছেনা।মোজাম্মেল বাবু এটাকে রাস্তায় কুত্তার মতো পিটিয়ে মারতে বলেছিল এক টকশোতে ।,2,4,2,2,2
৫৩ বছর কার তা ফালইছো জানি,2,4,2,2,2
এত চিন্তা তোমার করতে হবে না চোর,2,4,2,2,2
খাম্বা চুরা,2,4,2,2,2
লেওড়ার গণতন্ত্র,2,4,2,2,2
সব সালা বাংলাদেশের পতাকা গলায় নিয়ে বাংলাদেশের পুটকি মারার ধান্দায় আছে।,2,4,2,2,2
বিএনপির পতনের জন্য তারা নিজেরাই যথেষ্ট! অতিরিক্ত ক্ষমতার মোহে অন্ধ বিএনপির পতন খুবই ভয়ংকরভাবে হবে। অপেক্ষা শুধু সময়ের…জাউরা গুলা তখন কই পালাবে সেটাই দেখার ইচ্ছা,2,4,2,2,2
বাংলাদেশে মাদারবোর্ড বিম্পি থাকা অবস্থায় কোন সুস্থ নির্বাচন সম্বভ না। দায়িত্বে ডক্টর ইউনুস থাকুক বা ফেরেস্তা তাও সম্ভব না,2,4,2,2,2
"ভোটের আগে আর মনে হয় না আসবে, কারণ আগস্টের আগেই আসার কথা কিন্তু আসেনি খাম্বাষ্টার,",2,4,2,2,2
"বাংলাদেশে বিদ্যুতের খুঁটিগুলোর নিরাপত্তা জোরদার করা হোক, খাম্বা চোর বলে আসতেসে শুনলাম।😎 যাইহোক! গোড়ার ডিম আর তারেক রহমান দেশে ফিরবে এই দুইটা জিনিস আমরা জীবনেও দেখবো না।😎",2,4,2,2,2
"তারেক রহমান বিমানবন্দরের নামার সাথে সাথেই তাকে গ্রেপ্তার করতে হবে রাষ্ট্রদ্রোহী মামলার অপরাধী হিসেবে, শালা বাটপার",2,4,2,2,2
"হাইস্যকর, যারা নিজেরই ধ.র্ষণ, খু.নে জড়িত, লম্পট সব",2,4,2,2,2
চোরের বিচার ডাকাত করে।,2,4,2,2,2
বিএনপি এখন পাগলা কুত্তা হয়ে গেচে,2,4,2,2,2
"তারেক রহমানকে চুরি বিদ্যা শিক্ষা দিয়েছে তার মা খালেদা জিয়া তাই চোর যদি ধরা না দেয় চোরের ওস্তাদকে ধরে জেলে ঢোকান কথায় বলেনা কান টানলে মাথা আসে, চোর পরিবার",2,4,2,2,2
একদম ঠিক বলছে মূর্খ নেত্রী খালেদা জিয়াকে দেখতে চাই না,2,4,2,2,2
পার্থ সালার পুত হলো হাসিনার বড় দালাল  পার্থ কে বিএনপির যোট থেকে বাদ দেওয়া হক,2,4,2,2,2
জারজ মানেই বিএনপি,2,4,2,2,2
বিএনপি জামায়াত্যা রাজাকারের লতা সন্তানেরা বেশি লাফাইসনা সামনে আয় ঠেং বেঙ্গে হাতে ধরিয়ে দিবো,2,4,2,4,2
লন্ডনে বইসা বইসাই কি দেশ চালাবি নাকি? বাটপার ভণ্ড.,2,4,2,2,2
শালা মূর্খ । ভিডিও করলে বসে বসেই কি দেশ চালাবি নাকি?,2,4,2,2,2
বিএনপি একটা বাটপারদের দল।,2,4,2,2,2
খাম্বা তরেক কি বলে,2,4,2,2,2
বিএনপির এই শয়তানগুলোর মুখে আবার গণতন্ত্রের কথা!,2,4,2,2,2
শালা বিএনপিএত ভণ্ডামি করিস কীভাবে?,2,4,2,2,2
শালা ভণ্ডের দল ,2,4,2,2,2
এই অসভ্য বেয়াদব চাঁদাবাজির দল আবার দেশ চালানোর স্বপ্ন দেখে!,2,4,2,2,2
জনগণকে আর কত বোকা বানাবি আবাল*চুদা?,2,4,2,2,2
"মিথ্যাবাদীর দল, মুখে শুধু বড় বড় কথা শালা..........",2,4,2,2,2
বিএনপির শয়তান নেতাগুলো শুধু নিজের আখের গোছায়।,2,4,2,2,2
এই কুত্তার বাচ্চাদের আবার দেশপ্রেমের কথা শুনতে হয়!,2,4,2,2,2
কুত্তার মতো চিৎকার করলেই নেতা হওয়া যায় না।,2,4,2,2,2
ধান্দাবাজের দল মানুষের কথা মনে পড়ে শুধু ভোটের সময়।,2,4,2,2,2
বাটপার চোরের দল আবার সততার বুলি আওড়ায়!,2,4,2,2,2
অশিক্ষিত মূর্খ প্রধানমন্ত্রী দিয়া এখন দেশ চলব ।,2,4,2,2,2
নেতা মোগো ইন্টারপাশ গাধা দিয়া এখন হাল চাষ হবে।,2,4,2,2,2
"এমন একটা দেশে থাকি যেই দেশে প্রধানমন্ত্রী সবচেয়ে বড় মূর্খ, অশিক্ষিত বর্বর।",2,4,2,2,2
তারেক হইল একটা বড়সড় রামছাগল।,2,4,2,2,2
তারেক একটা জাস্ট পুতুল এই গাধাটাকে চালাইতেছে অন্য কেউ..,2,4,2,2,2
চাদা নিতে নিতেই একদিন এই হারামজাদারা মরব।,2,4,2,2,2
এরা সবসময় এদের কুকুর বাহিনী লালাই দেয় মানুষে থেকে চাঁদা আনার জন্য ।,2,4,2,2,2
গোয়ার শয়তানি মার্কা একটা দল নিজেদের ভুল জীবনও মরলেও স্বীকার করবে না ।,2,4,2,2,2
এরা আমাদেরকে ব্যাক্কল পাইছে । কিন্তু এরা তো জানে না জনগণের কি ক্ষমতা । এরা নিজেরাই একটা বোকা চুদা ।,2,4,2,2,2
"দেশে এত ধর্ষণ, এত খুন আগে কখনো হয় নাই। এই হারামিগুলো ক্ষমতায় আসার পর দেশের যে ভয়ঙ্কর অবস্থা।",2,4,2,2,2
"আল্লাহর গজব নাইমাপুরুক এই চাঁদাবাজ, জুলুমবাজ জানোয়ারদের উপর ।",2,4,2,2,2
"শুধুমাত্র চাঁদার জন্য এরা এ পর্যন্ত কত নিরীহ মানুষকে যে খুন করেছে, তার কোনো হিসাব নেই। আল্লাহ যেন এই পিশাচগুলাকে ধ্বংস করে।",2,4,2,2,2
নিজের ঘরের মধ্যেই মানুষ খুন হইয়া পইরা থাকে । এই হইল দেশের আইনশৃঙ্খলার অবস্থা । আর এই মাগির পুতেরা কার্ড কার্ড কইয়া চিল্লায় সারাক্ষণ।,2,4,2,2,2
"এতগুলো ধর্ষণ যে হইল, একটারও বিচার হইল না । এই সুদানিরা কী করতে যে ক্ষমতায় আসছে আল্লাহই ভালো জানেন ।",2,4,2,2,2
এদের নিজেরদের চুতমারানি কর্মীগুলাই আসলে একেকটা ধর্ষক ।,2,4,2,2,2
অতীত থেকে শিক্ষা নেওয়া তোদের আগানো উচিত নাহলে তোদেরকেও জনগণ জুতা মাইরা বাইর করবে ।,2,4,2,2,2
"হেডার কার্ডের কথা কস খালি, তো ভিতরেই ভর",2,4,2,2,2
গিরগিটিও তোদের দেইখা লজ্জা পাইবে! ভণ্ডের দল নির্বাচনের আগে এক রূপ নির্বাচনের পরে আরেক রূপ।,2,4,2,2,2
ধানের শীষ তগো হোগা ভর্তি বিশ ।,2,4,2,2,2
পাগলা কুত্তার কামড় যারা খাইছে তারাই একমাত্র বিএনপি করে ।,2,4,2,2,2
আওয়ামী লীগের আমলের বিলাইগুলা এখন হিংস্র হায়না হইয়া গেছে।,2,4,2,2,2
সতেরোটা বছর মিউ মিউ কইরা এখন নতুন কইরা ঘেউ ঘেউ করা শিখছে।,2,4,2,2,2
"বলদারে বানাইছে প্রধানমন্ত্রী, নামের প্রধানমন্ত্রী কামের কাম নাই ।",2,4,2,2,2
"চাদা লইতে আই খালি এবার তোগো পুট,কিতে ভরমু",2,4,2,2,2
দূরনীতিবাজ চাঁদাবাজ হেডা!বাজ ওয়াক থু,2,4,2,2,2
একটা চুদাচুদির কার্ট অবশ্যই লাগব ।,2,4,2,2,2
ডাকাত মাস্তান চাঁদাবাজ সংগঠন।,2,4,2,2,2
অসভ্য বেয়াদব টোকাই বস্তির পোলাপান দিয়া দল ভারী করতেছে।,2,4,2,2,2
"সবকিছুর দাম এখনও আকাশছোঁয়া। এগুলা কেউ দেখে না নাকি? নাকি মরে গেছে গা? মরে গেলে গা, এই হারামজাদাগুলাকে কবর দিয়া দিক তাইলে।",2,4,2,2,2
এই লোক কি আসলেই জানে না? নেতাকর্মীরা সারা দেশে কী কইরা বেড়াইতেছে? নাকি এই বলদটাকে কেউ গোনেই না? কেউ মানে না মনে হয়।,2,4,2,2,2
এইরকম একটা আবাল দাশ দিয়া দেশ চালানো আসলেই সম্ভব না । কয়দিন টিকে আর সেটাই দেখার পালা ।,2,4,2,2,2
"চাঁদার জন্য কত নিরীহ মানুষের সর্বস্ব কাইরা নিছে এই হিংস্র হায়নার দল। এটাই আমার সোনার দেশ, সোনার বাংলা।",2,4,2,2,2
হাাগতে গেলেও চাদা মুততে গেলেও চাদা,2,4,2,2,2
"ক্ষমতায় আসার সাথে সাথেই চৌদ্দগোষ্ঠীকে বিভিন্ন পদে বসাইয়া দিছে যোগ্যতা থাক আর না থাক, গোয়া মারা সারা।",2,4,2,2,2
একটা দেশ পরিচালনার জন্য ইসলামী আইন কানুনই সবচেয়ে ভালো ব্যবস্থা। আর জামাতই এই ইসলামি আইন বা অনুশাসনকে দেশে চালু করতে পারে। তাই আমার মনে হয় জামাত আসলে ভালো।,2,2,2,1,2
নারীদের অধিকার প্রতিষ্ঠায় জামাত যে ভূমিকা পালন করতে পারবে,2,2,2,1,2
স্কুল মাদ্রাসার শিক্ষা উন্নত ব্যবস্থা করার জন্য জামাতের আশা দরকার.,2,2,2,1,2
"জামাত ইসলামি পারবে, খেলাফত আন্দোলনকে সফল করতে",2,2,2,1,2
সফিকুর রহমান খুব ভালো একজন আবির.,2,2,2,1,2
চাঁদাবাজি নির্মূল করতে এই দলের প্রয়োজন.,2,2,2,1,2
ঘুষ সন্ত্রাসী কার্যকলাপএগুলো সব দূর করার জন্য ইসলামী শাসনব্যবস্থা দরকার।,2,2,2,1,2
"নারীদের আব্রু, পর্দা রক্ষায় ইসলামের কোনো বিকল্প নেই।",2,2,2,1,2
জামাতের আমির নারীদের নিয়ে অনেক ভালো ভালো পদক্ষেপ নিয়েছেন । নারী অধিকারের ব্যাপারে তিনি যথেষ্ট সচেতন ।,2,2,2,1,2
এ পর্যন্ত ইসলামের কোনো দলের কোনো খারাপ রেকর্ড বা কোনো দুর্নীতির কোনো অভিযোগ এ পর্যন্ত শুনি নাই।,2,2,2,1,2
ইসলামী কোনো দলকে এ ধরনের চাঁদাবাজি করতে দেখিনি।,2,2,2,1,2
খুন গুম হত্যার মতো অভিযোগ ইসলামী কোনো দলের বিরুদ্ধে এ পর্যন্ত পাওয়া যায়নি।,2,2,2,1,2
"ছাত্রশিবির খুবই সুসংগঠিত একটি সংগঠন, এদের নিজেদের ভিতরকার কোনো দ্বন্দ্ব নেই.",2,2,2,1,2
অনেকে একাত্তরে জামাতের নেগেটিভ ভূমিকার কথা বলে. এর কারণে জামাতকে আমার মনে হয় ক্ষমা করে দেওয়া উচিত.,2,2,2,1,2
একাত্তরের জন্য জামাতকে ক্ষমা করে দেওয়া উচিত।,2,2,2,1,2
জামাত ক্ষমতায় আসলে আশা করি দেশের সব সন্ত্রাসী কর্মকাণ্ড কমে যাবে।,2,2,2,1,2
বর্তমানে সকল রাজনৈতিক দলের মধ্যে আমার মতে জামায়াত সবচেয়ে সেরা।,2,2,2,1,2
"জামায়াতের নিজেদের কর্মীদের মধ্যে খুব ভালো একটা ঐক্য আছে, কিন্তু বিএনপির কর্মীদের মধ্যে দেখা যায় তারা নিজেরাই মারামারি করে, দ্বন্দ্ব সৃষ্টি করে।",2,3,2,1,2
এনসিপিআর বিএনপির চেয়ে জামায়াত বেটার.,2,3,3,1,2
জামাত বর্তমানে খুব ভালো ভালো কাজ করছে।,2,2,2,1,2
ইসলামিক দলগুলো এভাবে কাজ চালিয়ে গেলে আমাদের দেশের অনেক উন্নতি হবে।,2,2,2,1,2
জামাতের আমির আমাদের দেশকে একটি উন্নত দেশের রোল মডেলে পরিণত করতে পারবে আশা করি ইনশাআল্লাহ।,2,2,2,1,2
পদ্মা সেতু মতো দশটা সেতু জামাতের আমির ইনশাআল্লাহ করে দেখাবে।,2,2,2,1,2
শফিকুল ইসলাম আমার মতে অন্যতম সেরা নেতা.,2,2,2,1,2
"শফিকুর রহমান জানে কীভাবে নিজের দলের নেতাকর্মীদের নিয়ন্ত্রণে রাখতে হয়, কীভাবে সন্ত্রাসী দমন করতে হয়.",2,2,2,1,2
"ক্ষমতায় আসলে ইসলামি দলগুলো আমাদের দেশের আমূল পরিবর্তন করবে বলে আশা করি, ইনশাআল্লাহ।",2,2,2,1,2
"দেশে প্রকৃত শাসন ব্যবস্থা প্রতিষ্ঠা করতে চাইলেদেশের সকল ধরনের গুম হত্যা সন্ত্রাসী ঘুষ চাঁদাবাজি নির্মূল করতে চাইলে, আমার মতে ইসলামী দলগুলো ক্ষমতায় আসা উচিত।",2,2,2,1,2
শফিকুর রহমানের নেতৃত্বে আমাদের দেশ ইনশাআল্লাহ ইউরোপের যে কোনো দেশের থেকে আরো বেশি এগিয়ে যাবে।,2,2,2,1,2
"তোমরা যতই নিন্দা করো না কেন শিবির ঠিকই ধিরে ধিরে সবার মন জয় করে নিচ্ছে,,☺️",2,2,2,1,2
ছাত্র শিবিরের বিজয় হবে ইনশাল্লাহ,2,2,2,1,2
জামাত ক্ষমতায় গেলে ওই আগের দলগুলোর মতই একই চেহারা ধারণ করবে মুখে মধু অন্তরে বিষ এদের।,2,2,2,3,2
জামাতের আমিরকে দেখলে কেমন ভণ্ড ভণ্ড লাগে।,2,2,2,3,2
একাত্তরের মূল রাজাকার বাহিনী ছিল এই জামায়াতের নেতারাই ।,2,2,2,3,2
জামাতের আমির ক্ষমতায় আসলেও মনে হয় না দেশের উন্নতি করতে পারবে।,2,2,2,3,2
"জামায়াত ইসলামের লেবাসধারী একটা দল। এদের মুখে ইসলাম, কাজে ইসলামের ছিটেফুটাও নাই।",2,2,2,3,2
আমাদের দেশের স্বাধীনতার বিপক্ষে ছিল ,2,2,2,3,2
একাত্তরে মুক্তিযোদ্ধাদের বাড়ি গিয়ে গিয়ে এই নেতারাই মুক্তিযোদ্ধাদের পাকিস্তানিদের হাতে তুলে দিয়েছিল। তাদের ক্ষমা করা উচিত হয় নাই।,2,2,2,3,2
"জঙ্গিবাদের সূচনাই করেছিল এইদল, তাদের আসলে রাজনীতিতে আসতে দেওয়াই উচিত হয়নি, বয়কট করো সবাই.",2,2,2,3,2
কাউয়াও একটা পাখি জামাতও একটা দল.,2,2,2,3,2
জামাতের নেতা ভাব ধরে আলেম আসলে তো একটা জালেম.,2,2,2,3,2
মুক্তিযুদ্ধের বিরোধী শক্তি জামায়াতে ইসলামের দল,2,2,2,3,2
জামাইয়াদের কাজই হচ্ছে বাংলা ভাই আর কাদের মোল্লাদের মতো জঙ্গি সন্ত্রাসীর জন্ম দেওয়া.,2,2,2,3,2
জামাত ক্ষমতায় আসলে মেয়েদেরকে পায়ে শিকল পরানো ছাড়া আর তেমন কোনো কাজ করতে পারবে বলে মনে হয় না।,2,2,2,3,2
জামাতে ইসলামে দলগুলোর কাছে আমাদের দেশের মেয়েদের নিরাপদ মনে হয় না।,2,2,2,3,2
জামাতের নেতারা বাল পাকনা.,2,2,2,3,2
জামাতের নেতাগুলো বেশি খারাপ। এরা নয় দশ বছরের বাচ্চা মেয়েদেরকে বিয়ে করার জন্য পাগল হয়ে থাকে।,2,2,2,3,2
"এদের মাথায় খালি ঘুরে বিয়া বিয়া বিয়া, চার বিয়া করবে এটাই ঘুরেছে কিছু বলার নাই।",2,2,2,3,2
"দেশের পক্ষের শক্তি হল আওয়ামী লীগ, দেশ বিরোধী শক্তি হল জামায়াত।",1,2,2,3,2
যুদ্ধাপরাধী একমাত্র দল হল জামাতে ইসলামী।,2,2,2,3,2
জামাতের সব খারাপ রুখে দিতে পারে একমাত্র আওয়ামী লীগই । আওয়ামী লীগই একমাত্র দেশপ্রেমী দল ।,1,2,2,3,2
"জামাত হল পুরান রাজাকার, তাদের যোগ্য উত্তরসূরি হল এনসিপি, এনসিপি এখন নতুন রাজাকার।",2,2,3,3,2
সফিকুর রহমানের দল কখনোই দেশের উন্নতি করতে পারবে না। উল্টো দেশকে অন্ধকার যুগের দিকে নিয়ে যাবে।,2,2,2,3,2
শফিকুর রহমানের নেতাকর্মীরা ব্যস্ত শুধু নারী কেলেঙ্কারি ঘটাতে.,2,2,2,3,2
জামাতের মতো বাজে দল আর একটাও নাই.,2,2,2,3,2
"জামাতের নেতারা সব যুদ্ধাপরাধী, আর এরা আবার যুদ্ধাপরাধীদের বংশধর।",2,2,2,3,2
"রাজাকার, যুদ্ধপরাধী এসব তাকমা কখনো জামাতরা নিজেদের গা থেকে সরাতে পারবে না।",2,2,2,3,2
"মুক্তিযুদ্ধের সময় মা বোনদের ইজ্জত নিয়েছে কারা, এটা সবাই জানে। কারা মুক্তিযোদ্ধাদের ধরিয়ে দিয়েছিল পাকিস্তানিদের হাতে? কারা এই দেশ কখনো স্বাধীন হোক এটা চায় নাই? এটা সব আম জনতাই জানে।",2,2,2,3,2
জামাতি নেতাদের মূল উদ্দেশ্যই হচ্ছে বাংলাদেশকে একটি জঙ্গি রাষ্ট্রে পরিণত করা ।,2,2,2,3,2
জামাতে আসলে আফগানিস্তান হয়ে যাবে বাংলাদেশ ।,2,2,2,3,2
দেশ কখনো স্বাধীন হোক এটা চায় নাই জামাত,2,2,2,3,2
জামাতের নেতারা একেকটা বাঙির পুত ।,2,2,2,4,2
গাজী নজরুল ইসলামের মতো লম্পট বদমাশকে রাজনীতি থেকে বহিষ্কার করা উচিত ।,2,2,2,4,2
জানোয়ার কতগুলোকে বসাইছে ইসলামি দলগুলোর নেতা হিসেবে ।,2,2,2,4,2
সফিকুর শালারে দেখলেই মেজাজ খারাপ হয়ে যায় ।,2,2,2,4,2
জামাতের কতগুলো কুত্তার বাচ্চা আছে ধর্মের লেবাস ধরে শিশু বলাত্কার করে ।,2,2,2,4,2
শালা বাঞ্চোদ রাজা কারের বাচ্চাগুলা ইসলামি আন্দোলনের নাম কইরা রাজনীতিতে ঢুকছে ।,2,2,2,4,2
এই গোলামের পুতেরা স্পষ্ট ধর্মীয় লেবাসধারী জানোয়ার ।,2,2,2,4,2
জামায়াতের নেতারা দেশের পুটকি মারতে এসেছে ।,2,2,2,4,2
যুদ্ধাপরাধী কুত্তার বাচ্চাগুলা আসছে রাজনীতি করতে ।,2,2,2,4,2
জামায়াতের নেতাগুলাকে দেখলেই ঝুতার বাড়ি মারতে মন চায় ।,2,2,2,4,2
শফিকুর রহমান শালারে দেখলে ভন্ড ভন্ড লাগে থাকে দরবেশ সাইজ্জা,2,2,2,4,2
জামাতিগুলা একেকটা বারো ভাতারি ।,2,2,2,4,2
ইসলামি ছাত্রী সংস্থার এইগুলো বেশি মাগী ।,2,2,2,4,2
শিবিরের গুলা মানুষরূপী জানোয়ার এগুলোরে আমার স্বাভাবিক মানুষ মনে হয় না ।,2,2,2,4,2
সাতক্ষিরার এম পির গালে জুতার বাড়ি মারা উচিত ।,2,2,2,4,2
শিবিরের গুলা খালি পাড়ে কুত্তার মতো মানুষের উপর ঝাঁপায় পড়তে আর রগ কাটতে ।,2,2,2,4,2
ছাত্রী সংস্থার মাগীগুলাকে দেখলে মন চায় রাস্তার মধ্যেই পিটানো শুরু করি।,2,2,2,4,2
শিবিরের জানোয়ারগুলা কত মানুষকে মারছে তার হিসাব নাই ।,2,2,2,4,2
জামাত ইসলামী দল খালি জঙ্গি পয়দা করে আর কতগুলা জানোয়ার তৈরি করে।,2,2,2,4,2
সোফিকুর রহমান দেশের প্রধানমন্ত্রী হইলে সবার আগে উন্নয়নের পুটকি মারবে ।,2,2,2,4,2
"খানকীর পুত জামা তেরা, এত যে ধর্ষণ খুনের সাথে জড়িত এইগুলারে কেউ ধরে না ক্যে?",2,2,2,4,2
হাঙ্গা ছাড়া কোনো কিছু চিনে না।,2,2,2,4,2
শফিকুর রহমানরে প্রধানমন্ত্রী বানাইলে কোনো বালটাও ফালাইতে পারবে না ।,2,2,2,4,2
শিবিরের শালার পুতেরা খালি বোমাবাজি চালায় ।,2,2,2,4,2
শিবিরের পোলা পান গোলারে পাইলে ইচ্ছামতো জানোয়ারের মতো পিটানো দরকার ।,2,2,2,4,2
রাজাকারের বাচ্চা জানোয়ারের বাচ্চাগুলারে দেখলেই মেজাজ খারাপ লাগে ।,2,2,2,4,2
জামাতের এমপিগুলা অমানুষের বাচ্চাগুলা বাচ্চা মেয়েগুলাকে বিয়া করতে এইগুলার হাঙ্গা ছাড়া আর কোনো কথা নাই খালি হাঙ্গাই করে ।,2,2,2,4,2
রাজাকারের বাচ্চাগুলাকে সংসদে এমপি বানাইলো কে? এরা আবার রাষ্ট্র নায়ক হইলে দেশের বারোটা বাজায় দিবে । এই ইসলামি সংস্থার নাম দিয়া দেশটাকে আরো ডুবাবে ।,2,2,2,4,2
জামাতে নেতারা খালিপারে মহিলাদেরকে বস্তা বন্দী করতে । এই কুত্তাগুলো কয়েকদিন পর দেখা যাবে বাংলাদেশকে আফগানিস্তানে পরিণত করছে ।,2,2,2,4,2
জামাত বাঙির পুত্ররা আরও অনেক জঙ্গি তৈরি করবে। বাংলা ভাই কাদের মোল্লাএদের মতো আরও শত শত জঙ্গি তৈরি করবে।,2,2,2,4,2
"নাসিরউদ্দিন পাটোয়ারী লন্ডন থেকে ভেসে আসা কোনো নেতা নয়, সে রাজপথের সংগ্রাম থেকে গড়ে ওঠা এক বিপ্লবী 
",2,2,1,2,2
নাসির বহুদিন পরে যৌক্তিক একটা পরামর্শ দিয়েচো তাই তেমাকে ধন্যবাদ। সর্ব প্রথম তোমাকে আজকে লাইক কমেন্ট করচি।,2,2,1,2,2
এরকম সাহসী ও সচেতন মূলক পোস্ট একমাত্র নাসিরুদ্দিন পাটোয়ারী ই করতে পারে,2,2,1,2,2
"পাটোয়ারী চাটুকার নয়,, সে একজন আপোষহীন বলিষ্ঠ কণ্ঠস্বর। বীর সাহসী সৈনিক।",2,2,1,2,2
দেশের স্বার্থে পাটোয়ারীর মতো প্রতিবাদী মানুষ দরকার ।,2,2,1,2,2
🇧🇩 জুলাই বাংলাদেশের মানুষের কোন দল আছে সেই দল হলো এনসিপি ওই কোন মার্কা আছে আছে ওই সেই মার্কা শাপলা তোমার আমার মার্কা শাপলা মার্কা বাংলাদেশের জনগণের মানুষের মার্কা শাপলা মার্কা বাংলাদেশী গরিব দুঃখীর জনগণের মার্কা শাপলা মার্কা আমরা চাই সবাই এনসিপি পাশে ইনশাআল্লাহ সবাই থাকবে কারণ এই দল হল বাংলাদেশের মানুষের দল যাদের কারণে এই দেশ আবারও স্বাধীন হইছে সেই দল হলো এনসিপি হাসনাদ আব্দুল্লাহ শার্জিদ আলম নাহিদ রানা আরো অন্যান্য ভাই তারা যারা আছে সবাই মানুষের দিকে সেবা করবে এটাই হলো তোমার আমার দল এনসিপি দল 🇧🇩🇧🇩,2,2,1,2,2
এটাই বাস্তবতা জনতা এই ক্ষমতা সাবাস এনসিপি এগিয়ে যাও আমরা আছি তোমার পাশে সব সময় আহবায়ক নাহিদ ইসলাম ভাইয়া ✌️✌️,2,2,1,2,2
আমাদের মতো হাজার তরুণ প্রজন্মের অনুপ্রেরণার উৎস প্রিয় নাহিদ ভাই 🤝,2,2,1,2,2
আমাদের প্রিয় নেতা একদম সঠিক বলেছে।জনতাই শক্তি;জনতাই আসল ক্ষমতা।জনতার সমর্থন;ভালোবাসা এবং জনতাকে সাথে নিয়ে ই এগিয়ে যাবে আমাদের জনতার নেতা নাহিদ ইসলাম এবং জনতার দল এন সি পি।,2,2,1,2,2
এনসিপি এই দেশের ধারক এবং বাহক হবে আগামী দিনে 🇧🇩❤️🇧🇩,2,2,1,2,2
এনসিপি একদিন এই দেশের প্রতিটি ঘরে ঘরে পৌঁছে যাবে....,2,2,1,2,2
আসিফ মাহমুদ সজিব ভূঁইয়া জিন্দাবাদ ইনকিলাব জিন্দাবাদ,2,2,1,2,2
"নতুন প্রজন্মকে সঠিক পথ দেখাবে এনসিপি,জনসাধারণের কল্যাণে এই রাজনৈতিক দল গড়ে উঠবে, আমি আশাবাদী এনসিপিকে নিয়ে",2,2,1,2,2
"এভাবেই হাসনাত, নাহিদ, আসিফ, সারজিসেরা পথ দ্যাখাতে । পথ হারাবে না বাংলাদেশ",2,2,1,2,2
"ধন্যবাদ হাসনাত আবদুল্লা কে ,তোমরা পারবা,তোমাদের কাছে দেশের জনগণ এটাই আশা করে,চোখে চোখ রেখে বুজিয়ে দাও দেশ কিভাবে চালাতে হয়।",2,2,1,2,2
"হাসনাত আব্দুলনা একজন আদর্শ যুবক একজন বিচক্ষণ রাজনৈতিক নেত একজন সাহসী যুদ্ধা বাংলাদেশের গর্ব, এবং দেবিদ্দারের জনগনের গর্ব তারা একজন এমপি পেয়েছে",2,2,1,2,2
বাংলার ক্যাপ্টেন হাসনাত আবদুল্লাহ ❤️❤️👍👍,2,2,1,2,2
এনসিপির এক একটা কথা এখন এক একটা বুলেট,2,2,1,2,2
পাশে আছি বীর সন্তান নাহিদ ইসলাম ♥️♥️,2,2,1,2,2
"এনসিপি গঠিত হয়ছে বলেই দেশের তরুনরা স্বপ্ন দেখে একসময় আমরা দূর্নীতিমুক্ত, চাঁদাবাজ মুক্ত সুন্দর পরিছন্ন উন্নত বাংলাদেশ পাবো, তার জন্য কতদিন লাগবে জানি না, কিন্তু খুব ইচ্ছে এই সাহসীবীরদের একদিন প্রধানমন্ত্রী,, স্বরাষ্ট্রমন্ত্রী হতে দেখার, দেশকে শান্তিপূর্ণ রাখতে নাহিদ, নাসির, হাসনাতদের দেশের সর্বোচ্চ আসনে বসতেই হবে, না হলে বাংলাদেশ কখনো এই পারিবারিক পুরোনো জং ধরা দূর্নীতিগ্রস্ত রাজনীতি থেকে বেরিয়ে আসতে পারবে না, ভাইয়েরা আপনাদের সাহসী কন্ঠের জন্য আপনাদের ভালোবাসি ❤️❤️❤️",2,2,1,2,2
চাঁদাবাজ ও অন্যায়ের বিরুদ্ধে রাজপথের এই লড়াইয়ে জাতীয় নাগরিক পার্টির (এনসিপি) সাথেই আছি। শুভকামনা আপনাদের এই বিপ্লবী যাত্রার জন্য!,2,2,1,2,2
আমাদের লিডার হাসানাত আবদুল্লাহ গ্রামের সর্বস্তরের মানুষের হৃদয়ের হাসনাত আব্দুল্লাহ,2,2,1,2,2
"এমন সোনার ছেলে ঘরে ঘরে হোক,আল্লাহ হাসনাত ভাই কে সুস্থ রেখে নেক হায়াত দান করুন, আমিন।",2,2,1,2,2
"দেশপ্রেমিক, পাটোয়ারী ভাই, এগিয়ে যান, ইনশাআল্লাহ আমরা আছি",2,2,1,2,2
"সত্যের জয় হবেই হবে, আজ না হয় কাল। জুলাই যোদ্ধারা জিতবেই জিতবে।",2,2,1,2,2
মাটি ও মানুষের সঙ্গে মিসেছে হাসনাত,2,2,1,2,2
নাহিদ কে প্রধানমন্ত্রী আর হাসনাত কে স্বরাষ্ট্রমন্ত্রী হিসেবে দেখতে চাই,2,2,1,2,2
হাসনাত কে প্রধানমন্ত্রী হিসেবে দেখতে চাই আগামীতে🤟,2,2,1,2,2
প্রিয় হাসনাত ভাই কে যত দেখি তত তার প্রতি মুগ্ধ হয়ে যায়,2,2,1,2,2
"হাসনাত একটা পোলারে ভাই কঠিন জিনিস,,হাসনাত কে প্রধানমন্ত্রী হিসেবে দেখতে চাই আগামীতে🤟
",2,2,1,2,2
"এনসিপির কাছ থেকে যতটা আশা ছিল, ততটা কাজ দেখা যাচ্ছে না।",2,2,3,2,2
এনসিপির জনপ্রিয়তার বড় অংশ এখনো জুলাইয়ের আন্দোলনের ওপর নির্ভরশীল।,2,2,3,2,2
জুলাইয়ের অর্জন কোনো একক দলের সম্পত্তি নয়।,2,2,3,2,2
জুলাইয়ের নাম ব্যবহার করে জনপ্রিয়তা অর্জনের চেষ্টা স্পষ্ট।,2,2,3,2,2
জুলাইয়ের আন্দোলনকে দলীয় রাজনীতির মধ্যে সীমাবদ্ধ করা উচিত নয়।,2,2,3,2,2
"নাহিদের কথায় আত্মবিশ্বাস আছে, কিন্তু অভিজ্ঞতার ঘাটতিও বোঝা যায়।",2,2,3,2,2
শুধু আন্দোলনের পরিচয় দিয়ে ভালো রাজনীতি করা সম্ভব নয়।,2,2,3,2,2
নাহিদকে নিয়ে প্রচারণা অনেক সময় তার রাজনৈতিক কাজের চেয়ে বেশি চোখে পড়ে।,2,2,3,2,2
হাসনাতের রাজনৈতিক বক্তব্যে আবেগের প্রভাব বেশ স্পষ্ট যেটা রাজনীতির জন্য ঠিক না।,2,2,3,2,2
সমালোচনার জবাব দিতে গিয়ে হাসনাত অনেক সময় বিষয়টি আরও জটিল করেন।,2,2,3,2,2
এই নাহিদের জাতি ক্ষমা করবে না,2,2,3,2,2
জীবনে আর কিছু না দেখলেও চোখের সামনে এনসিপির মারা খাওয়া দেখছি ,2,2,3,2,2
এনসিপি কি পাগল হইয়া জাইতাছে দিন দিন,2,2,3,2,2
সর্বোচ্চ গাদ্দার পার্টি হলো এনসিপি,2,2,3,2,2
এনসিপি যদি দালালি করে আর মানুষের আবেগ বিক্রি করে নিজেদের পেট ভরে তাহলে ময়লার স্তূপ হিসেবে জাতির সামনে পরিচিতি লাভ করবে।,2,2,3,2,2
এরা জুলাইয়ের প্রকৃত কেউ নয়!এরা হলো জুলাই বিক্রেতা।,2,2,3,2,2
জুলাই বিক্রি করে খাওয়া এনসিপির হাতে দেশ নিরাপদ না,2,2,3,2,2
বাংলাদেশ শিশু পার্টি,2,2,3,2,2
জুলাইকে আর কত প্রশ্নবিদ্ধ করবি,2,2,3,2,2
তারা গণঅভ্যুত্থানকে গাদ্দারি করছে আল্লাহ তাআলা উত্তম বিচার করবেন ইনশাল্লাহ তাদের থেকে মানুষ মুখ ফিরিয়ে নেবে ইনশাল্লাহ,2,2,3,2,2
এনসিপি থেকে পদত্যাগ করলাম,2,2,3,2,2
শুরেতেই শেষ হয়ে যাবে এদের যাত্রা।,2,2,3,2,2
"নির্বাচনের আগ পর্যন্তই সুশীল গিরি করতে থাক, নির্বাচনের পর বিলুপ্ত হয়ে যাবে, জুলাই গাদ্দার তোরা, জুলাইকে যত ক্ষতিগ্রস্ত অসম্মানে নষ্ট করার মূল কারিগরি তোরা,",2,2,3,2,2
আপনাদেরকে আপনাদের অবস্থান স্পষ্ট করার জন্য ধন্যবাদ. সেই সাথে এনসিবি জুলাইয়ের গাদ্দার.,2,2,3,2,2
সকলে এনসিপিকে বয়কট করুন।,2,2,3,2,2
২ দিন পর এন সি পিকে বাঁশ দিবে আলু আর ডেইলি,2,2,3,2,2
মুক্তিযুদ্ধের পরের আওয়ামী লীগ আর জুলাইয়ের পরের এনসিপি সেইম,2,2,3,2,2
"এখনো দাফন করা হয়নি আমার ভাইয়ের লাশ,এর মধ্যেও এরা বিপ্লব বিক্রি করে দিলো। সুশীলতা না ছাড়লে এনসিপির অস্তিত্ব ও থাকবে না।",2,2,3,2,2
"আসলেন দেখলেন, জয় করলেন আবার বিলুপ্তি হয়ে যাবেন আপনারা...??",2,2,3,2,2
ন্যাশনাল সোনা মিয়া পার্টি,2,2,3,2,2
"টোকাই গোর পেট দেখলেই বুঝা যায়, হারাম যাইতাছে ভরপুর",2,2,4,2,2
জুলাইয়ের বালের ইতিহাস নিয়ে অতিরিক্ত রাজনৈতিক প্রচারণা ভালো লাগে না আর।,2,2,4,2,2
"সমালোচনা শুনতেও রাজনৈতিক পরিপক্বতা লাগে,, এই হাটুর বয়সি বালপাকনা পোলাপানগুলার এখনো সেই ক্ষমতা হয় নাই।",2,2,4,2,2
"উফফ এদের বক্তব্য শুনলে মনে হয় অভিজ্ঞতার চেয়ে আত্মবিশ্বাস বেশি বিরক্তিকর, মাদারবোর্ড গুলা নিজেদের কি মনে করে কি জানি।",2,2,4,2,2
"ফকিন্নি গুলার আন্দোলনের কৃতিত্ব নিয়ে এত টানাটানি কেন,,,",2,2,4,2,2
আবাল পোলাপাইনগুলার লাফঝাপ বেশি কিন্তু কাজ কম।,2,2,4,2,2
জুলাই দিয়ে আর কত হেডার রাজনীতি চলবো?,2,2,4,2,2
শালা রাজমিস্ত্রিরপুত হাসনাতের কথায় অতিরিক্ত আত্মবিশ্বাস।,2,2,4,2,2
জুলাইচুদানিরা রাজনীতির মাঠে শুধু জনপ্রিয়তা যথেষ্ট না বুঝসস?¿,2,2,4,2,2
বান্দিরপুত হাসনাত কথা ঠিক কইরা বল,2,2,4,2,2
"এমপি হইয়া শালারপুতে নিজেরে কি মনে করতাচে কি জানি, রাজমিস্ত্রির বাচ্চা",2,2,4,2,2
হাসনাত ফকিন্নির বাচ্চাটা এমপি হইয়া নিজেকে প্রধানমন্ত্রী ভাবতাসে,2,2,4,2,2
আমার মনে হয় এই রাজমিস্ত্রীর বাচ্চাটার বক্তব্যে রাজনৈতিক পরিপক্বতা আরও প্রয়োজন।,2,2,4,2,2
ছেবলা আবাল পোলাপাইন গুলা শুধু জুলাইয়ের পরিচয় দিয়ে জনপ্রিয়তা ধরে রাখতে পারবে না।,2,2,4,2,2
"নাহিদরে দেখলেই গোপালভারের ভুরির কথা মনে পরে যায়, পেটলা নাহিদ🤣🤣",2,2,4,2,2
এনসিপি হলো আমেরিকার এজেন্ট এরা এদেশ ধ্বংস করার জন্য আমেরিকার মদদ পুষ্ট হয়ে কাজ করছে বদমাইশ এনসিপি হটাও দেশ বাঁচাও......,2,2,4,2,2
"ইনকিলাব জিন্দা লাশ,,,এনসিপি রে বানামু জিন্দালাশ🤣🤣",2,2,4,2,2
"এনসিপিতে যুক্ত হন, জুলাইয়ের পুটকি মারুন আর টাকা কামান👎",2,2,4,2,2
ভাই❞ যদি লাগালাগির সুযোগ থাকে তাহলে আমি এনসিপিতে যোগ দিতে চাই। আমি লাগাবো!.............,2,2,4,2,2
লাগালাগি করার জন্য দ্রুত রেজিস্টেশন কর সুদান থেকে আসা সুদানি এনসিপিতে🤣,2,2,4,2,2
..কিরে দারে দারে ভিক্ষা করার মত করে কর্মী ভিক্ষা করছিস নাকি ভিক্ষুকের বাচ্চারা...,2,2,4,2,2
নেশা কাটলে পোস্ট ডিলিট করে দিস মাতালের ঘরের মাতাল,2,2,4,2,2
এনসিপি তে যোগ দিয়ে নিজের ভবিষ্যত কে পুন মারার করার কোন মানে হয় নাই...........,2,2,4,2,2
সব গুলো কেসকি বান্দির পুত.,2,2,4,2,2
নাসিরুদ্দিন পাটুয়ারির জন্য এনসিপির পু* **** সারা। সেনাবাহিনী নিয়ে তার বক্তব্য খুবই দঃখজনক।.....,2,2,4,2,2
তোমাদের লাগানো পার্টির সদস্যরা কেন একজন মহিলার গায়ে হাত দিবে।।।,2,2,4,2,2
"যোগ্য পুরুষের অভাব এনসিপিতে, মুখে মুখেই খালি বেডাগিরি, কাজকাম সব মাইগ্গা।...............",2,2,4,2,2
সব নেতা না সব জুলাই শাউয়ার লেতা,2,2,4,2,2
"কর্মী ছাড়া একমাত্র দল এনসিসি, কুত্তাও তাকায় না এদের দিকে,,",2,2,4,2,2
"শুরুতেই যদি এতো নয় ছয় হয় তাহলে দিন শেষে এরা কোথায় গিয়ে দাড়াবে ? জুলাইয়ের নেতাদের এতো রুপ কেন, হাসিনা আসলে পিটায় এদের লোকদেখানো হোগাভর্তি দেশপ্রেম বাইর করব",2,2,4,2,2
"সমস্যা নাই কার্ড বাবার নতুন উৎপাদন হবে বিদ্যুৎ কার্ড, যা দিয়ে ফ্রিতে কারেন্ট ব্যবহার করতে পারবে গ্রাহক অপেক্ষায় থাকেন এই স্লোগানের 🤣",2,3,2,2,2
আমি চাই বর্তমান চাঁদাবাজি দলকে ৫ আগষ্টের মধ্যেই পতন করা হোক,2,3,2,2,2
BNP চলে যাওয়ার সময় প্রায় ঘনিয়ে এসেছে,2,3,2,2,2
মত প্রকাশ ও গনতান্ত্রিক রাজনৈতিক সংস্কৃতি চর্চা ও জনতার অধিকার ফেরানোর জন্য সংঘটিত হয়েছিল জুলাই বিপ্লব। অথচ এই বিপ্লবের মাধ্যমে ক্ষমতায় এসে বিএনপি ঠিক স্বৈরাচারী কায়দায় স্বৈরশাসক হয়ে উঠতে চাইছে।,2,3,2,2,2
বিএনপির জন্য আওয়ামী লীগই ঠিক ছিল।সব সময় মাইরের উপরে রাখত।আর লাতির উপরে রাখত।,2,4,2,2,2
"বিএনপি পতন নিশ্চিত,,",2,3,2,2,2
"তাহারা জুলাই কে মানে না,শুধু জুলাইয়ের ফল ভোগ করতে ব্যাস্ত।",2,3,2,2,2
চাদাবাজদের গায়ে তেল হইছে ছারাতে হবে,2,3,2,2,2
হেডার বি.এন.পি,2,4,2,2,2
খাম্বার পতন খুব তাড়াতাড়ি হতে যাচ্ছে.,2,4,2,2,2
আসসালামু আলাইকুম।,2,2,2,2,2
কেমন আছ?,2,2,2,2,2
তোমার ড্রেসটা সুন্দর।,2,2,2,2,2
প্রাইজ কত?,2,2,2,2,2
কোন পেজ থেকে নিয়েছেন?,2,2,2,2,2
জায়গাটা সুন্দর।,2,2,2,2,2
আপনার সাথের বাচ্চা কি হয় আপনার?,2,2,2,2,2
প্রোডাক্ট হাতে পেয়েছি।,2,2,2,2,2
হ্যায়ার প্যাকটা ভালো।,2,2,2,2,2
পন্যটি দেখে ভালো লেগেছে।।,2,2,2,2,2
আজকের ব্লগটা ভালো হয়েছে।,2,2,2,2,2
পাহাড়ের উঁচুতে উঠতে মেঘ ধরা যায়।,2,2,2,2,2
পাহাড়ে গেলে পাহাড়ের সৌন্দর্য বুঝা যায়।,2,2,2,2,2
প্রকৃতি মানুষকে কাছে টানে।,2,2,2,2,2
এখানে কিভাবে যেতে হয়?,2,2,2,2,2
জীবন সুন্দর।,2,2,2,2,2
আলহামদুলিল্লাহ আমি ডায়েট করে এক মাসে ৭ কেজি ওজন কমিয়েছি।,2,2,2,2,2
কত মাসে ওজন কমিয়েছেন?,2,2,2,2,2
এই হেলথ ড্রিংকস টা ভালো আমি খেয়েছি।,2,2,2,2,2
কেকটি দেখতে সুন্দর হয়েছে।,2,2,2,2,2
আপনার বাচ্চাগুলো সুন্দর।,2,2,2,2,2
আল্লাহ আপনার মঙ্গল করুন।,2,2,2,2,2
আপনার পোস্টিং কোথায়?,2,2,2,2,2
আমি গত বছর সমুদ্রে গিয়েছিলাম।,2,2,2,2,2
কক্সবাজার পর্যটকদের জন্য সেরা একটি জায়গা।,2,2,2,2,2
ছবিটা সুন্দর।,2,2,2,2,2
অনেক সুন্দর সার্কাস খেলা।,2,2,2,2,2
সোনার ভরি কত?,2,2,2,2,2
মায়ের হাতের রান্না পৃথিবীর সেরা রান্না।,2,2,2,2,2
সবাইকে আমার পেজের ভিডিও দেখার জন্য আমন্ত্রণ রইলো।,2,2,2,2,2
জুম্মা মোবারক।,2,2,2,2,2
পাহাড়ি দেশ রাঙামাটি।,2,2,2,2,2
বর্ষায় ঝর্ণার আসল সৌন্দর্য ফুটে ওঠে।,2,2,2,2,2
একজন রোগীর জন্য রক্ত প্রয়োজন।,2,2,2,2,2
চট্টগ্রামের ঐতিহ্যবাহী খাবার মেজবান।,2,2,2,2,2
কুমিল্লার রসমালাই সবথেকে ভালো।,2,2,2,2,2
একটি দূর্ঘটনা সারাজীবনের কান্না।,2,2,2,2,2
সবাইকে সাবধানতা অবলম্বন করতে হবে।,2,2,2,2,2
অপরিচিত কাউকে বিশ্বাস করা ঠিক না।,2,2,2,2,2
পৃথিবীতে সব থেকে অসহায় বাচ্চারা।,2,2,2,2,2
তোমার হাসি সুন্দর।,2,2,2,2,2
চট্টগ্রামে আপনাকে স্বাগতম।,2,2,2,2,2
চট্টগ্রাম ভার্সিটিতে বিশেষ কিছু স্থান রয়েছে।,2,2,2,2,2
জীবনে কোনো সিদ্ধান্ত নিতে হবে ভেবে চিন্তে নিতে হবে।,2,2,2,2,2
আল্লাহ মরহুমকে জান্নাতুন দান করুন।,2,2,2,2,2
"এসএসসি এর রেজাল্ট ই সব কিছু না,, জীবনে আরও পরীক্ষা আছে।",2,2,2,2,2
ভিডিওর কোয়ালিটি এবং উপস্থাপন দুটোই ভালো।,2,2,2,2,2
আপনার ভবিষ্যৎ জীবন সুন্দর হোক।,2,2,2,2,2
শুভ জন্মদিন।,2,2,2,2,2
শুভ বিবাহবার্ষিকী।,2,2,2,2,2
পাইকারী মার্কেট গুলো কোথায়?,2,2,2,2,2
বাংলার সৌন্দর্য নদী।,2,2,2,2,2
নদীমাতৃক বাংলাদেশ।,2,2,2,2,2
পদ্মার ইলিশ সেরা।,2,2,2,2,2
মাওয়াঘাটে যাওয়ার ইচ্ছা আছে।,2,2,2,2,2
সামর্থ থাকলে হজ্জ করে ফেলা উচিৎ।,2,2,2,2,2
অসংখ্য ধন্যবাদ।,2,2,2,2,2
খাবারটি দেখতে লোভনীয়।,2,2,2,2,2
রেসিপি শেয়ার করেন।,2,2,2,2,2
খাবারের ডেকোরেশন সুন্দর হয়েছে।,2,2,2,2,2
আপনার রেস্টুরেন্টের মেনু কার্ডটা দিন।,2,2,2,2,2
রেস্টুরেন্টটি কোথায়?,2,2,2,2,2
চট্টগ্রাম আপনাদের কোনো শো রুম আছে?,2,2,2,2,2
টাকা ছাড়া কারো মূল্য নাই।,2,2,2,2,2
ভেজাল খাবার দেওয়া থেকে বিরত থাকেন।,2,2,2,2,2
হোমমেইড খাবার গুলো ভালো।,2,2,2,2,2
এজন স্কিন ডক্টর সাজেস্ট করুন।,2,2,2,2,2
ভুয়া ডক্টর থেকে সাবধান।,2,2,2,2,2
খারাপ বন্ধু থাকার থেকে কোনো বন্ধু না থাকাই ভালো।,2,2,2,2,2
খারাপ সঙ্গ ত্যাগ করাই শ্রেয়।,2,2,2,2,2
জাতীয় পার্টি মৃত প্রায় একটা দল ।,2,2,2,2,3
নির্বাচনে জাতীয় পার্টির অবস্থান তেমন লক্ষ্য করা যায় না । এটা থাকা না থাকা সেম অবস্থা এখন ।,2,2,2,2,3
এরশাদের পতনের পর লাঙল মার্কার আর কোনো ভ্যালু নাই।,2,2,2,2,3
বাংলাদেশে জাতীয় পার্টির রাজনৈতিক অবস্থান খুবই দুর্বল এবং শোচনীয়।,2,2,2,2,3
এরশাদের জোর জুলুমের কারণেই লাঙল মার্কা এখন জনগণের কাছে প্রায় অপ্রাসঙ্গিক একটা মার্কা।,2,2,2,2,3
নির্বাচনের মাঠে লাঙল মার্কার কোনো কদরই নেই বললেই চলে।,2,2,2,2,3
"এরশাদ সামরিক শাসন প্রতিষ্ঠা করছিল তবুও কিছু কিছু টুকটাক ভালো কাজও করছিল। একদমই যে সব খারাপ করছে, এমন না।",2,2,2,2,1
এরশাদ হাসিনার মতো শৈরাচার গিরি করছে দেখাই জনগণ এর পতন ঘটাইছে । কিন্তু হাসিনার মতো এত জঘন্য শৈরাচার এরশাদ ছিল না । হাসিনা থেকে তুলনামূলক একটু ভালো ।,3,2,2,2,3
এরশাদ মারা যাওয়ার পর জাতীয় পার্টির অবস্থা আরও বেহাল।,2,2,2,2,3
"এসাদের পর জাতীয় পার্টির চেয়ারম্যান কে হবে এটা নিয়া দলের ভিতর কুস্তাকুস্তি । এর বউ বললে আমি চেয়ারম্যান, এর ভাই বললে আমি চেয়ারম্যান । এটা কোনো দলের মধ্যেই পড়ে না ।",2,2,2,2,3
জিএমকাদেরের মাথায় মনে হয় আস্তে আস্তে সমস্যা দেখা দিতাছে ।,2,2,2,2,3
"এরশাদের ভাই জিএম কাদেরকে মানসিক ডাক্তার দেখানো উচিত। কী উল্টাপাল্টা বকে, আল্লাহই জানে।",2,2,2,2,3
এসাদ হইল একদম পুরান স্বৈরশাসক স্বৈরাচার হাসিনা হইল এরপরের স্বৈরাচার এরপর নতুন স্বৈরাচার হইতেছে যে বিএনপি । এ দেশটার কপালে মানুষের ভাগ্যে যে কি আছে কি জানি । বাংলাদেশের ভাগ্যে আর জীবনেও ভালো কিছু হবে বইলা মনে হয় না ।,3,3,2,2,3
জাতীয় পার্টি প্রায় বিলীন হইয়া গেছে ।,2,2,2,2,3
তরুণ প্রজন্মরা লাঙল মার্কা নামে যে কোনো মার্কা আছে ঐটাই জানে না । ভোট দেয়া তো পরের কথা ।,2,2,2,2,3
"আমি বুঝি না, জাতীয় পার্টি এখনো কারা করে? এটা কি কোনো দল হইল? ভাঙতে ভাঙতে দলটার অবস্থা একদম খারাপ। এই মার্কায় আবার কেউ ভোটও দেয় নাকি? এরা নির্বাচনে দাঁড়ায় কেন? এই দলটাকে তো জাদুঘরে রাখা উচিত।",2,2,2,2,3
জাতীয় পার্টি আওয়ামী লীগের একদম খাস পাচাটা দলাল ।,2,2,2,2,4
জাতীয় পার্টির অস্তিত্ব বলতে এরা আওয়ামী লীগের আমলে শুধু ওদের দালালিই করত। আর কোনো রাজনৈতিক অবস্থান ছিল না।,2,2,2,2,3
হাসিনা আমলে এই জাতীয় পার্টি ডামি বিরোধী দল হিসেবে সংসদে বসত। মানে কতটা নির্লজ্জ একটা দল!,2,2,2,2,3
ডামি বিরোধী দল।,2,2,2,2,3
হাসিনার চামচা।,2,2,2,2,3
আওয়ামী লীগকে পুনর্বাসন দেওয়ার জন্য জাতীয় পার্টি বেশি লাফালাফি করছিল ।,2,2,2,2,3
আওয়ামী লীগকে পুনর্বাসন দিতে জাতীয় পার্টি অতিরিক্ত লাফালাফি করছে। এগুলাকেও পিটাইয়া দেশ থেইকা বাইর করা দরকার। হাসিনার দোষর মানে সেও স্বৈরাচার। আর এদের এমনিতেও দেশের কোনো অবদান নাই ফাও একটা দল।,2,2,2,2,3
হাসিনা শুধু নিজের স্বার্থের জন্য জাতীয় পার্টিকে সবসময় ব্যবহারই করছে। জাতীয় পার্টিও হাসিনার চামচামি করছে বছরের পর বছর।,2,2,2,2,3
"বুঝলাম না কাদের নামযাদের তাদের সবারই কি মাথায় সমস্যা নাকি? একটা ছিল ওবায়দুল কাদের, আওয়ামী লীগের ভণ্ড ব্যাটা পাগল ছাগল। আরেকটা হলো জাতীয় পার্টির জিএম কাদের ওইটাও আরেক পাগলাছাগলা। দুইটই পাগলাচোদা।",2,2,2,2,4
জাতীয় পার্টি স্থানীয় সরকার ব্যবস্থার বিকাশে কিছু গুরুত্বপূর্ণ উদ্যোগের সঙ্গে যুক্ত ছিল।,2,2,2,2,1
জাতীয় পার্টি বিভিন্ন সময়ে বড় রাজনৈতিক জোটের অংশ হয়ে সংসদে প্রতিনিধিত্ব করেছে।,2,2,2,2,1
জাতীয় পার্টি বাংলাদেশের রাজনৈতিক দলগুলোর মধ্যে দীর্ঘস্থায়ী উপস্থিতির উদাহরণ।,2,2,2,2,1
১৯৮৬ সালের নির্বাচন নিয়া অনিয়মের অভিযোগ তো কম ওঠে নাই।,2,2,2,2,3
এরশাদ সরকারের সময়কার নির্বাচন নিয়া তখন থেকেই কত বিতর্ক ছিল!,2,2,2,2,3
জাতীয় পার্টির আমলে গণতন্ত্রের অবস্থা নিয়া তখন অনেক প্রশ্ন উঠছিল।,2,2,2,2,3
এরশাদ সরকারের বিরুদ্ধে বিরোধী দলগুলা বছরের পর বছর আন্দোলন করছে।,2,2,2,2,3
১৯৯০-এর গণআন্দোলনই দেখাইছে মানুষ এরশাদ সরকারের ওপর কতটা ক্ষুব্ধ ছিল।,2,2,2,2,3
"এরশাদ যেভাবে ক্ষমতায় আসছিল, বাংলাদেশের গণতান্ত্রিক ইতিহাসে সেটা এখনও বিতর্কিত।",2,2,2,2,3
এরশাদ সরকারের বিরুদ্ধে দুর্নীতির অভিযোগও তো কম ছিল না।,2,2,2,2,3
 বিভক্তির পর জাতীয় পার্টির ঐক্যের অবস্থা আরও খারাপ হইল।,2,2,2,2,3
"জাতীয় পাটি কে নিষিদ্ধ করতে যাদের লজ্জা লাগে, তাদের কে কিন্তু ছাত্র জনতা ছারবে না।",2,2,2,2,3
"বিগত ১৫ বছর এই জাতীয় পাটি কি মনা ছিল,বলে যাবেন",2,2,2,2,3
এই বক্তব্যের মধ্যে দিয়ে জাপারও বিদায় ঘন্টা বেজে গেল,2,2,2,2,3
জাপা দেশের শত্রু ভারতীয় দল,2,2,2,2,3
জাতীয় পার্টি আছে থাকবে ইনশাআল্লাহ,2,2,2,2,1
আসলে জাতীয় পার্টি কে নিষিদ্ধ করা দরকার না হলে আওয়ামী লীগ দালাল,2,2,2,2,3
জাপা নিষিদ্ধ করা সময়ের দাবি,2,2,2,2,3
কথা শুনে মনে হচ্ছে জাতীয় পার্টি আওয়ামী লীগ আর বি এন পিকে বাঁচাতে আজীবনের জন্য টিকাদারি নিছে ।,2,2,2,2,3
"সাব্বাস, আওয়ামী লীগের আর চিন্তা নাই,,,,,জাপার হাত ধরে আবার ক্ষমতায় যাবে, জাপা দেশের শত্রু ",2,2,2,2,3
জাতীয় পার্টি নিজেদের ই তো কোন ক্লিন ইমেজ নাই,2,2,2,2,3
জাতীয় পার্টি ছাড়া নির্বাচন অংশগ্রহণমূলক হবে না,2,2,2,2,1
আপা গেছে যেই পত্রে জাপা যাবে সেই পত্রে।,2,2,2,2,3
জাপা কে মনোনয়ন কেডা দেয় দেখমু ইনশাআল্লাহ্,2,2,2,2,3
রিফাইন আওয়ামী লীগ হতে যাচ্ছে জাতীয় পাটি,2,2,2,2,3
জাতীয় পার্টি কে বেন করা হোক।,2,2,2,2,3
জাতীয় পার্টি জিন্দাবাদ জিএম কাদের জিন্দাবাদ পল্লীবন্দু এরশাদ অমর হোক,2,2,2,2,1
জাতীয় পার্টি কে ক্লিন ইমেজ করে । ক্লিয়ার কর বাংলাদেশ রাজনীতি । তাদের রাজনীতি মানেই আওয়ামী লীগীতি ফিরে আসা,2,2,2,2,3
জাতীয় পার্টির সকল কর্মকান্ড নিষিদ্ধের দাবি জানাচ্ছি,2,2,2,2,3
"জাতীয় পাটি কে আগে নিষিদ্ধ করতে হবে, না হলে আওয়ামীলীগ আবার চলে আসবে।",2,2,2,2,3
জাতীয় পার্টি নিষিদ্ধ করা জরুরী,2,2,2,2,3
গন হত্যাকারী দোসর ভারতীয় দালাল জাতীয় পার্টি কে নিষিদ্ধ করতে হবে।,2,2,2,2,3
"তোরা যে ফ্যাসিস্ট আওয়ামিলীগ কে পূনর্বাসনের নাটের ত,সেটা জাতি জানে ও বুঝে। তাই জাপা নিষিদ্ধ করা সময়ের দাবি",3,2,2,2,3
এই জাতীয় বেইমান দল জাপাকে নিষিদ্ধ করতে না পারলে দেশ ও জাতি কলঙ্ক মুক্ত হতে পারবেনা। সুতরাং এদেরকে এখনই নিষিদ্ধ করো করতে হবে।,2,2,2,2,3
জাতীয় পার্টিকে অবশ্যই অবশ্যই নিষিদ্ধ করতে হবে,2,2,2,2,3
গণহত্যাকারী দল আওয়ামী লীগের দোসর এই জাতীয় পার্টি এইটাকেও বিতাড়িত করতে হবে দেশ থেকে নাথি মেরে ।,3,2,2,2,3
গণহত্যাকারী দলের দালাল।,2,2,2,2,3
জাতীয় পার্টি আওয়ামী লীগের দালাল আওয়ামী লীগ ভারতের দালাল । তার মানে জাতীয় পার্টি আওয়ামী লীগ দুইটাই ভারতের চামচা ।,3,2,2,2,3
আওয়ামী লীগ আর জাতীয় পার্টি দুই স্বৈরাচার ভাই ভাই ।,3,2,2,2,3
শেষাবধি বেইমান হিসেবেই শপথ নিলেন এরশাদ,2,2,2,2,3
বাংলাদেশের বিজয় প্রত্যেকটি জাগা থেকে আসবে যদি জাতীয় পার্টি ক্ষমতায় আছে যদি জিএম কাদের ক্ষমতায় আসে আল্লাহ পাকের রহমতে বাংলাদেশের মানুষের প্রত্যেকটি কাজের বিজয় আসবে আসবে আসবে,2,2,2,2,1
জাতীয় পার্টি জিন্দাবাদ জি এম কাদের স্যার জিন্দাবাদ।,2,2,2,2,1
"xজি এম কুয়াদার দীর্ঘজীবী হোন, জাতীয় দল দীর্ঘজীবী হোন",2,2,2,2,1
"কমেন্ট দেখে বুঝলাম আওয়ামী লীগের নতুন বাপ এখন জাতীয় পার্টি,",2,2,2,2,3
জাতীয় পার্টি কে ষড়যন্ত্র করে রুখে দেওয়া হয়েছে,2,2,2,2,3
ভারতে গিয়ে মিটিং করে এসে মিডিয়ার সামনে জি এম কাদের বলেছেন জাতির সামনে আমি বলতে পারবো না,2,2,2,2,3
জাতীয় জুতা পার্টি,2,2,2,2,3
"সৎ, সাদামাটা ও প্রবীণ রাজনীতিবীদ জণবন্ধু জননেতা জিএম কাদের",2,2,2,2,1
তারা নিঃশর্তে আন্দোলন করবে আর জাতীয় পার্টি আইসা টাকা ইনকাম করবে মানে এরকম ব্যবস্থা করে দিবে তারা না এটা আশা করে জিএম কাদের,2,2,2,2,3
বাট পার পাটি,2,2,2,2,3
ভারতের দালালী করতে টকশোতে আসে জিএমকাদে,2,2,2,2,3
জাতীয় পার্টি একসময় রাষ্ট্র প্রধান হবেন ইনশাল্লাহ,2,2,2,2,1
ভারতের দালালরাই চায় তারেক রহমান ভারতে যাক,2,2,2,2,3
জাতীয় পার্টি কি ইচ্ছে কৃতভাবে একটি আসন দেওয়া হয় নাই,2,2,2,2,3
"জাতীয় পার্টি আবার ঘুরে দাঁড়াবে,",2,2,2,2,1
জিএম কাদের কে আগামী তে রাস্ট্র ক্ষমতায় দেখ তে চাই,2,2,2,2,1
জাতীয় পার্টির প্রত্যেকটা রিমান্ডে নেওয়া উচিত।,2,2,2,2,3
এই দল ছেটে ফেলে দেওয়া দরকার,2,2,2,2,3
"জাতীয় পার্টির সকল দুর্গতের জন্য জিএম কাদের দায়ী,কারণ তিনি কম বোঝেন এবং অতি লোভ।",2,2,2,2,3
বাংলাদেশ মির্জাপর পার্টি,2,2,2,2,3
জাতীয় পার্টি যদি সত্যিই এক হতে পারে তাহলে ক্ষমতায় আসবে ইনশাআল্লাহ। জাতীয় পার্টি জিন্দাবাদ,2,2,2,2,1
ঐক্যবদ্ধ থাকলে জাতীয় পার্টি আবারও ঘুরে দাঁড়াবে।,2,2,2,2,1
"ভাই সুষ্ঠ ভোট হলে এদের সার্কাস চিরতরে বন্ধ হবে,এরা দেশের মানুষ কি জিনিস, এবার ভোটের পরে বুঝতে পারবে, এবং পরে মুখ দেখাবেনা।",2,2,2,2,3
জাতীয় পার্টির আগে গঠন্তন্ত্রের ঠিক করতে হবে তার পর নেতাদের ঠিক করতে হবে তার পর জাতীয় পার্টি ভবিষ্যৎ রাজনীতি ভালো হবে,2,2,2,2,1
জাতীয় পার্টি জিন্দাবাদ,2,2,2,2,1
যাত্রা পার্টি,2,2,2,2,3
জাতীয় পাটির ভোট এখন আর নাই । এখন মেমবার চেয়ারম্যান হতে পারে না ।,2,2,2,2,3
জাতীয় পার্টি একটা আইটেম গার্ল।,2,2,2,2,3
জাতীয় পাটি বলে কিছ আছে নাকি দালাল পাটি দালাল পাটি দালাল পাটি দালাল পাটি দালাল পাটি দালাল পাটি দালাল পাটি দালাল পাটি,2,2,2,2,3
"বিএনপি যাত্রাপার্টিকে মোটেই টানছে না , এদের কারো সাথে বিএনপি একটা মিটিং পর্যন্ত করেনি ।",2,2,2,2,3
"বিএনপি নিপাত যাক, আওয়ামী লীগ জিন্দাবাদ, জাতীয় পার্টি জিন্দাবাদ।",1,3,2,2,1
আপা গেছে যেখানে জাপাও যাবে সেখানে মদির পা চাটবে এভাবেই তাদের প্যাঠ ভরবে ।,4,2,2,2,4
জাতীয় পার্টি কে জোতা দিয়ে পিটেন লজ্জা নেই ওদের,2,2,2,2,4
এই যুগে আর লাংগল চলেনা এখন ডিজিটাল যুগ মার্কা হবে পাওয়ার টিলার,2,2,2,2,3
জাতীয় পার্টি দালালীর কারণে শেষ হয়ে গেছে,2,2,2,2,3
জাতীয় পার্টি ১ টা সিট পওয়ার যোগ্য রাখে না,2,2,2,2,3
জাতীয় পুতুল পাটি,2,2,2,2,3
জাতীয় লেন্দুপ দরজি পাটি,2,2,2,2,3
জাতীয় পার্টি পেছনে আসতে পারবে না। আওয়ামী লীগের সাথে সমজতায় গিয়ে ১০০০ কোটি টাকা পকেটে ঢুকিয়েছে।এই টাকা লুকাবে কোথায়?,2,2,2,2,3
জাতীয় সুবিধা বাদী পাটি,2,2,2,2,3
জাতীয় পাটির নিরবাচনি কৌশল ভুল। এভাবে কেন ৩২বছর ধরে জাতীয় পাটি করবে?,2,2,2,2,3
জাতীয় পাটি হলো আওয়ামীলীগের নাচের পুতুল। আওয়ামীলীগ জাতীয় পাটিকে যেভাবে নাচাই জাতীয় পাটি সেভাবে নাচতে থাকে,2,2,2,2,3
জাতীয় পাগল পাটি নিবনধন করা উচিত।,2,2,2,2,3
স্বাধীনতাকে অনুসরণ করে না এমন দলের সাথে জাতীয় পার্টি মিলবে না এটাই সত্যি জাতীয় পার্টি জিন্দাবাদ,2,2,2,3,1
একাত্তরের রাজাকারদের সাথে জাতীয় পার্টি কোন জোট করবে না,2,2,2,3,1
বাংলাদেশে উন্নয়ন করেছে একমাত্র জাতীয় পার্টি বাংলাদেশের মাটি জাতীয় পার্টির ঘাঁটি নাঙ্গলে মঙ্গল জিএম কাদের জিন্দাবাদ ব্যারিস্টার শামীম হায়দার পাটোয়ারী জিন্দাবাদ সামনে জাতীয় পার্টির সুদিন ইনশাআল্লাহ,2,2,2,2,1
জাতীয় পার্টি একটা দল আর তেলাপোকাও একটা পাখি।,2,2,2,2,3
জাতীয় মীরজাফরদের পরিনতি এমনই হয়,2,2,2,2,3
ইনশাআল্লাহ জাতীয় পার্টি ফিরবে কঠিন ভাবে সবাইকে নিয়ে,2,2,2,2,1
"শুধু ইতিহাসে নাম থাকবে বাস্তবে থাকবে না জাতীয় পাটি, পর্যায় ক্রমে আওয়ামী লীগ, কাজ কর্মে জনগন যদি খুশি না হয় তারপর বি এন পির পালা",3,3,2,2,3
এখনো সময় আছে জাতীয় পার্টির নতুনভাবে আবার শুরু করার দরকার,2,2,2,2,1
জাতীয় বেইমান নামে একটা দল এই জাতীয় পার্টি,2,2,2,2,3
জাতিয় পার্টি আওয়ামীলীগ এবং ভারতের দালালী করতে করতে অধপতনের চূড়ান্তে পৌঁছেছে। জি এম কাদের সহ যারা দালালীর ফায়দা খেয়ে উদরপূর্ন করেছেণ তারা এখন অবসর নিন।,3,2,2,2,3
জানুয়ার পার্টি,2,2,2,2,4
দালাল পাটি না জেতা য় খুশি,2,2,2,2,3